Timestamp,cost-per-transaction-percent
2010-08-28 00:00:00,69.0311598741331
2010-08-31 00:00:00,26.529699497994
2010-09-03 00:00:00,33.3030302189317
2010-09-06 00:00:00,28.6761394697676
2010-09-09 00:00:00,40.1402954047416
2010-09-12 00:00:00,56.5317316493763
2010-09-15 00:00:00,30.5133684664378
2010-09-18 00:00:00,30.2340925164486
2010-09-21 00:00:00,52.7772031606872
2010-09-24 00:00:00,65.0990070986222
2010-09-27 00:00:00,38.8649947846323
2010-09-30 00:00:00,23.355881890905
2010-10-03 00:00:00,17.01239122373
2010-10-06 01:00:00,10.3835366338855
2010-10-09 01:00:00,5.36342281423547
2010-10-12 01:00:00,16.7783404183221
2010-10-15 01:00:00,23.16104469221
2010-10-18 01:00:00,36.9986932818698
2010-10-21 01:00:00,15.318476234804
2010-10-24 01:00:00,14.4558584426473
2010-10-27 01:00:00,12.6684323029058
2010-10-30 01:00:00,38.1146015874877
2010-11-02 01:00:00,38.8111914032775
2010-11-05 01:00:00,31.637330823903
2010-11-08 01:00:00,3.32767022625961
2010-11-11 01:00:00,56.5004109824416
2010-11-14 01:00:00,45.208721185132
2010-11-17 01:00:00,43.9610784444179
2010-11-20 01:00:00,13.4009032025402
2010-11-23 01:00:00,21.9831345877725
2010-11-26 01:00:00,12.9627616601224
2010-11-29 01:00:00,34.3090228723059
2010-12-02 01:00:00,24.3971878181245
2010-12-05 01:00:00,64.7270604211357
2010-12-08 01:00:00,71.9506585232942
2010-12-11 01:00:00,26.7223032023239
2010-12-14 01:00:00,56.8826558889253
2010-12-17 01:00:00,60.8429775606323
2010-12-20 01:00:00,30.6283690416483
2010-12-23 01:00:00,87.2129116771796
2010-12-26 01:00:00,86.156700318365
2010-12-29 01:00:00,20.3739509244447
2011-01-01 01:00:00,73.8734145526828
2011-01-04 01:00:00,64.0676004747553
2011-01-07 01:00:00,42.3651355529386
2011-01-10 01:00:00,19.9347782863459
2011-01-13 01:00:00,17.0442081211164
2011-01-16 01:00:00,23.381832026572
2011-01-19 01:00:00,24.2543434254667
2011-01-22 01:00:00,28.1175321310826
2011-01-25 01:00:00,33.7516344892651
2011-01-28 01:00:00,39.4607076567821
2011-01-31 01:00:00,19.2718106831814
2011-02-03 01:00:00,23.5147634386097
2011-02-06 01:00:00,25.4870275733435
2011-02-09 01:00:00,15.1899871822763
2011-02-12 01:00:00,40.4138305013079
2011-02-15 01:00:00,36.894150393889
2011-02-18 01:00:00,24.923956300288
2011-02-21 01:00:00,53.3744299250284
2011-02-24 01:00:00,28.9105970728585
2011-02-27 01:00:00,14.6817001340628
2011-03-02 01:00:00,5.10108556023095
2011-03-05 01:00:00,41.8757443388814
2011-03-08 01:00:00,16.032842114683
2011-03-11 01:00:00,9.10921225354953
2011-03-14 01:00:00,3.88041617934812
2011-03-17 01:00:00,8.74247917229863
2011-03-20 01:00:00,14.1592546548631
2011-03-23 01:00:00,7.1028530258028
2011-03-26 01:00:00,5.61703988533485
2011-03-29 01:00:00,14.7151170729603
2011-04-01 01:00:00,21.72477883181
2011-04-04 00:00:00,15.6041426832461
2011-04-07 00:00:00,11.4302520922615
2011-04-10 00:00:00,18.4196529515588
2011-04-13 00:00:00,13.6156069213411
2011-04-16 00:00:00,5.01980055985494
2011-04-19 00:00:00,0.432895002229143
2011-04-22 00:00:00,7.53151012331201
2011-04-25 00:00:00,20.8213421087528
2011-04-28 00:00:00,10.6753829287315
2011-05-01 00:00:00,13.2051031523966
2011-05-04 00:00:00,5.68241556935174
2011-05-07 00:00:00,11.3856213665878
2011-05-10 00:00:00,8.31510579204579
2011-05-13 00:00:00,3.16442326195048
2011-05-16 00:00:00,9.22971292568232
2011-05-19 00:00:00,15.1278698791618
2011-05-22 00:00:00,5.02433514630614
2011-05-25 00:00:00,22.931751435099
2011-05-28 00:00:00,16.9333090872968
2011-05-31 00:00:00,10.8737425147834
2011-06-03 00:00:00,6.8814397017279
2011-06-06 00:00:00,11.1701796535212
2011-06-09 00:00:00,8.18379982382486
2011-06-12 00:00:00,1.87114459340421
2011-06-15 00:00:00,10.7184242202656
2011-06-18 00:00:00,11.6376916741181
2011-06-21 00:00:00,10.7481309863182
2011-06-24 00:00:00,11.8461415512257
2011-06-27 00:00:00,6.73007252286497
2011-06-30 00:00:00,10.217370741513
2011-07-03 00:00:00,18.606304717689
2011-07-06 00:00:00,10.4153855297904
2011-07-09 00:00:00,14.7591625877131
2011-07-12 00:00:00,12.981932301567
2011-07-15 00:00:00,17.6839169790621
2011-07-18 00:00:00,4.28519552793466
2011-07-21 00:00:00,14.1699485651727
2011-07-24 00:00:00,17.8025131624846
2011-07-27 00:00:00,15.7864331615029
2011-07-30 00:00:00,15.9890491583464
2011-08-02 00:00:00,11.4186821638676
2011-08-05 00:00:00,6.04608593342685
2011-08-08 00:00:00,4.09567618599604
2011-08-11 00:00:00,14.1576058073297
2011-08-28 00:00:00,15.2204442918001
2011-08-31 00:00:00,15.6361775116055
2011-09-03 00:00:00,18.0583327495114
2011-09-06 00:00:00,10.0241367384796
2011-09-09 00:00:00,5.78392080925849
2011-09-12 00:00:00,8.16873131864729
2011-09-15 00:00:00,12.852814789234
2011-09-18 00:00:00,14.7282928925969
2011-09-21 00:00:00,6.44404537627576
2011-09-24 00:00:00,11.9050777692312
2011-09-27 00:00:00,7.83987030047395
2011-09-30 00:00:00,10.2895847522492
2011-10-03 01:00:00,12.9005434526794
2011-10-06 01:00:00,4.52467425220838
2011-10-09 01:00:00,8.96769348309471
2011-10-12 01:00:00,9.05236292191016
2011-10-15 01:00:00,9.64225705463874
2011-10-18 01:00:00,7.51828723912329
2011-10-21 01:00:00,6.35145003504833
2011-10-24 01:00:00,5.24821403758052
2011-10-27 01:00:00,6.63505587181574
2011-10-30 01:00:00,9.685818639112
2011-11-02 01:00:00,5.80385094552295
2011-11-05 01:00:00,8.90849962296655
2011-11-08 01:00:00,6.74014058194949
2011-11-11 01:00:00,4.91274395394136
2011-11-14 01:00:00,4.56766766032421
2011-11-17 01:00:00,0.225637735367537
2011-11-20 01:00:00,4.88002427571611
2011-11-23 01:00:00,0.599565766584349
2011-11-26 01:00:00,3.60049706280503
2011-11-29 01:00:00,0.294445522013891
2011-12-02 01:00:00,0.179558306765144
2011-12-05 01:00:00,0.47142617996602
2011-12-08 01:00:00,0.26748252365786
2011-12-11 01:00:00,2.81400172061817
2011-12-14 01:00:00,5.56592721743071
2011-12-17 01:00:00,6.16175508360409
2011-12-20 01:00:00,3.12325697772814
2011-12-23 01:00:00,9.14851190894766
2011-12-26 01:00:00,9.35371581068637
2011-12-29 01:00:00,5.75057886076688
2012-01-01 01:00:00,4.1931024210769
2012-01-04 01:00:00,6.27921003976465
2012-01-07 01:00:00,9.87862438313542
2012-01-10 01:00:00,6.65819807631753
2012-01-13 01:00:00,7.10228214331543
2012-01-16 01:00:00,6.48441633110788
2012-01-19 01:00:00,4.75537312451209
2012-01-22 01:00:00,10.4611912684243
2012-01-25 01:00:00,5.65598915666443
2012-01-28 01:00:00,7.36634365891848
2012-01-31 01:00:00,7.92534256946591
2012-02-03 01:00:00,6.45776721227949
2012-02-06 01:00:00,5.4660699508891
2012-02-09 01:00:00,8.17861946911284
2012-02-12 01:00:00,7.11810031554546
2012-02-15 01:00:00,1.50315362236582
2012-02-18 01:00:00,7.2703887883664
2012-02-21 01:00:00,5.12607074575282
2012-02-24 01:00:00,3.91162511641953
2012-02-27 01:00:00,7.24766473222704
2012-03-01 01:00:00,3.54160189693929
2012-03-04 01:00:00,7.49393044210889
2012-03-07 01:00:00,7.11451211124162
2012-03-10 01:00:00,9.74286067999642
2012-03-13 01:00:00,5.92455287847591
2012-03-16 01:00:00,5.45170362750171
2012-03-19 01:00:00,5.50552445350685
2012-03-22 01:00:00,5.82041708080175
2012-03-25 01:00:00,5.86368403167042
2012-03-28 01:00:00,5.87903435243856
2012-03-31 01:00:00,8.58850245566801
2012-04-03 00:00:00,4.46272523797473
2012-04-06 00:00:00,3.93906608433166
2012-04-09 00:00:00,2.31789379825635
2012-04-12 00:00:00,2.83223576374074
2012-04-15 00:00:00,5.74565105205742
2012-04-18 00:00:00,3.53238497213724
2012-04-21 00:00:00,6.15753458027062
2012-04-24 00:00:00,4.26898184317505
2012-04-27 00:00:00,4.73461335140539
2012-04-30 00:00:00,6.81948711887011
2012-05-03 00:00:00,5.28536693482969
2012-05-06 00:00:00,4.46674392611441
2012-05-09 00:00:00,3.26056159171201
2012-05-12 00:00:00,4.04047781632118
2012-05-15 00:00:00,2.96959292281073
2012-05-18 00:00:00,3.35037323901114
2012-05-21 00:00:00,2.59910719593344
2012-05-24 00:00:00,3.97640615232401
2012-05-27 00:00:00,4.88890001655296
2012-05-30 00:00:00,2.71087968878397
2012-06-02 00:00:00,5.56831645699087
2012-06-05 00:00:00,2.98290461420045
2012-06-08 00:00:00,2.95560339641128
2012-06-11 00:00:00,3.29972894162452
2012-06-14 00:00:00,3.96992442727636
2012-06-17 00:00:00,4.27569420822532
2012-06-20 00:00:00,2.9608715067958
2012-06-23 00:00:00,5.52064256619924
2012-06-26 00:00:00,2.42121259782592
2012-06-29 00:00:00,4.34115952469335
2012-07-02 00:00:00,3.29236737545671
2012-07-05 00:00:00,3.37147374837158
2012-07-08 00:00:00,5.57274585178138
2012-07-11 00:00:00,2.97970219484346
2012-07-14 00:00:00,3.59989436001861
2012-07-17 00:00:00,2.09968450905956
2012-07-20 00:00:00,2.95137804192597
2012-07-23 00:00:00,3.02681236317447
2012-07-26 00:00:00,3.9602412297772
2012-07-29 00:00:00,4.17893670296739
2012-08-01 00:00:00,2.5518361088418
2012-08-04 00:00:00,5.13795285903966
2012-08-07 00:00:00,3.93606169111197
2012-08-10 00:00:00,4.12350755947918
2012-08-13 00:00:00,3.35198316648762
2012-08-16 00:00:00,3.3120037884348
2012-08-19 00:00:00,1.28340279860746
2012-08-22 00:00:00,1.84393419678248
2012-08-25 00:00:00,3.69072202022162
2012-08-28 00:00:00,3.82012796089131
2012-08-31 00:00:00,2.20584122768675
2012-09-03 00:00:00,4.10828695708015
2012-09-06 00:00:00,3.334912671153
2012-09-09 00:00:00,1.75009212122163
2012-09-12 00:00:00,3.12810754582884
2012-09-15 00:00:00,3.52368573574863
2012-09-18 00:00:00,3.36837112523903
2012-09-21 00:00:00,1.77753309930715
2012-09-24 00:00:00,2.97465792082346
2012-09-27 00:00:00,3.39733870283323
2012-09-30 00:00:00,5.73697909271347
2012-10-03 00:00:00,2.44017833671887
2012-10-06 00:00:00,5.3586140370793
2012-10-09 01:00:00,3.48543520933538
2012-10-12 01:00:00,3.70253315195396
2012-10-15 01:00:00,4.20267709712881
2012-10-18 01:00:00,3.52496584675358
2012-10-21 01:00:00,4.33408858405933
2012-10-24 01:00:00,3.12535285141075
2012-10-27 01:00:00,5.60168532803114
2012-10-30 01:00:00,2.05386490816964
2012-11-02 01:00:00,3.1167232085536
2012-11-05 01:00:00,4.07188832794912
2012-11-08 01:00:00,3.39032187804421
2012-11-11 01:00:00,6.73943988784982
2012-11-14 01:00:00,5.0417574648686
2012-11-17 01:00:00,2.98528212579961
2012-11-20 01:00:00,3.66636011639938
2012-11-23 01:00:00,4.85575127813544
2012-11-26 01:00:00,4.11163416185712
2012-11-29 01:00:00,2.13936241462494
2012-12-02 01:00:00,2.58403995291734
2012-12-05 01:00:00,1.30202602033592
2012-12-08 01:00:00,2.34808710814131
2012-12-11 01:00:00,1.37759297019831
2012-12-14 01:00:00,0.926174294523121
2012-12-17 01:00:00,1.43561332684735
2012-12-20 01:00:00,1.4661483696436
2012-12-23 01:00:00,2.5544175037008
2012-12-26 01:00:00,2.15392545009594
2012-12-29 01:00:00,1.96495487445482
2013-01-01 01:00:00,1.97546817880502
2013-01-04 01:00:00,1.59963271932219
2013-01-07 01:00:00,2.13421379782613
2013-01-10 01:00:00,1.37236692880173
2013-01-13 01:00:00,1.61905717355106
2013-01-16 01:00:00,1.11131126994268
2013-01-19 01:00:00,2.24863126477473
2013-01-22 01:00:00,0.971363332356902
2013-01-25 01:00:00,1.01071500166851
2013-01-28 01:00:00,0.956276571159094
2013-01-31 01:00:00,1.12463944349712
2013-02-03 01:00:00,2.05130450021933
2013-02-06 01:00:00,1.16399064438669
2013-02-09 01:00:00,1.54475447139124
2013-02-12 01:00:00,1.12532831389125
2013-02-15 01:00:00,1.4825886175158
2013-02-18 01:00:00,1.66191403605573
2013-02-21 01:00:00,1.65061525640845
2013-02-24 01:00:00,1.26734628157931
2013-02-27 01:00:00,1.8535148525753
2013-03-02 01:00:00,1.47925345135361
2013-03-05 01:00:00,1.09158774694969
2013-03-08 01:00:00,1.65886613757358
2013-03-11 01:00:00,1.83756124694131
2013-03-14 01:00:00,1.76635194159649
2013-03-17 01:00:00,3.39961821589086
2013-03-20 01:00:00,1.7169835663576
2013-03-23 01:00:00,2.27647633431176
2013-03-26 01:00:00,1.40671389521999
2013-03-29 01:00:00,1.51117760090218
2013-04-01 01:00:00,1.7777366124599
2013-04-04 01:00:00,1.36923502691789
2013-04-07 01:00:00,2.23680723867347
2013-04-10 00:00:00,0.882464683680352
2013-04-13 00:00:00,1.8352800182663
2013-04-16 00:00:00,0.844905821490642
2013-04-19 00:00:00,1.43767282318648
2013-04-22 00:00:00,2.29307788433071
2013-04-25 00:00:00,1.55393731930518
2013-04-28 00:00:00,3.22621367208472
2013-05-01 00:00:00,1.33772615327675
2013-05-04 00:00:00,2.19169620902418
2013-05-07 00:00:00,0.97001038483363
2013-05-10 00:00:00,1.95768577131171
2013-05-13 00:00:00,1.43746586170001
2013-05-16 00:00:00,1.62805941200508
2013-05-19 00:00:00,3.00480634884865
2013-05-22 00:00:00,2.46871382879615
2013-05-25 00:00:00,2.04147230245391
2013-05-28 00:00:00,2.09829566817651
2013-05-31 00:00:00,3.28455250293102
2013-06-03 00:00:00,2.1717093491557
2013-06-06 00:00:00,2.33763134404579
2013-06-09 00:00:00,1.62929478240896
2013-06-12 00:00:00,2.92055598287029
2013-06-15 00:00:00,3.55807750400778
2013-06-18 00:00:00,2.08136140285978
2013-06-21 00:00:00,2.12150124592388
2013-06-24 00:00:00,2.03355037342494
2013-06-27 00:00:00,2.81917843858252
2013-06-30 00:00:00,3.37954042555979
2013-07-03 00:00:00,1.58029694245598
2013-07-06 00:00:00,2.22761637160232
2013-07-09 00:00:00,1.22502650654855
2013-07-12 00:00:00,1.39606445298855
2013-07-15 00:00:00,2.36299015488883
2013-07-18 00:00:00,0.989755105829359
2013-07-21 00:00:00,3.22837084384419
2013-07-24 00:00:00,1.76450108346049
2013-07-27 00:00:00,3.92696672557846
2013-07-30 00:00:00,2.26125194267406
2013-08-02 00:00:00,2.52254973519894
2013-08-05 00:00:00,2.07950302901818
2013-08-08 00:00:00,2.82895716760448
2013-08-11 00:00:00,4.26034098996746
2013-08-14 00:00:00,1.94735299063
2013-08-17 00:00:00,4.35661207723648
2013-08-20 00:00:00,1.96567794403831
2013-08-23 00:00:00,2.77729532625447
2013-08-26 00:00:00,2.4234159903113
2013-08-29 00:00:00,2.06097341854694
2013-09-01 00:00:00,3.69890631374684
2013-09-04 00:00:00,2.238943717858
2013-09-07 00:00:00,3.46008592366194
2013-09-10 00:00:00,3.53744740479206
2013-09-13 00:00:00,3.71446294481243
2013-09-16 00:00:00,2.48281876991489
2013-09-19 00:00:00,2.03152407193639
2013-09-22 00:00:00,3.91029802239591
2013-09-25 00:00:00,2.7470240131611
2013-09-28 00:00:00,3.92368678512462
2013-10-01 00:00:00,2.1496805537168
2013-10-04 00:00:00,3.67664311342833
2013-10-07 01:00:00,1.98385663168844
2013-10-10 01:00:00,3.19305935423997
2013-10-13 01:00:00,6.2927114319444
2013-10-16 01:00:00,2.32635614133021
2013-10-19 01:00:00,3.26421364787527
2013-10-22 01:00:00,2.02382350278063
2013-10-25 01:00:00,1.8023339034534
2013-10-28 01:00:00,3.56288600685299
2013-10-31 01:00:00,3.75930592632378
2013-11-03 01:00:00,3.78425863277042
2013-11-06 01:00:00,1.88700031360976
2013-11-09 01:00:00,1.42196263920963
2013-11-12 01:00:00,2.16764617763951
2013-11-15 01:00:00,1.80036463045626
2013-11-18 01:00:00,1.18894615807099
2013-11-21 01:00:00,1.50483108762802
2013-11-24 01:00:00,2.0605964451843
2013-11-27 01:00:00,1.47124423464173
2013-11-30 01:00:00,2.29382719981692
2013-12-03 01:00:00,3.64113081056388
2013-12-06 01:00:00,2.24549797739835
2013-12-09 01:00:00,3.20847550872707
2013-12-12 01:00:00,4.08972065055905
2013-12-15 01:00:00,4.96861205308444
2013-12-18 01:00:00,1.44196217179356
2013-12-21 01:00:00,1.45884637916692
2013-12-24 01:00:00,1.68298418733283
2013-12-27 01:00:00,4.68546686609455
2013-12-30 01:00:00,4.24597857394554
2014-01-02 01:00:00,3.09431745878392
2014-01-05 01:00:00,2.68219946612065
2014-01-08 01:00:00,4.0281814655036
2014-01-11 01:00:00,5.76611236930937
2014-01-14 01:00:00,3.56990097738613
2014-01-17 01:00:00,4.68234527330085
2014-01-20 01:00:00,4.95732758644797
2014-01-23 01:00:00,5.32529953522793
2014-01-26 01:00:00,5.57754121124099
2014-01-29 01:00:00,5.50216717837737
2014-02-01 01:00:00,7.28881207233757
2014-02-04 01:00:00,4.48719226277431
2014-02-07 01:00:00,2.69462839489536
2014-02-10 01:00:00,2.80995846342668
2014-02-13 01:00:00,5.30168876821578
2014-02-16 01:00:00,5.23735296770882
2014-02-19 01:00:00,6.39086866829546
2014-02-22 01:00:00,5.58682786891281
2014-02-25 01:00:00,1.58761594242997
2014-02-28 01:00:00,3.3776363556039
2014-03-03 01:00:00,2.13972430622674
2014-03-06 01:00:00,3.94939272709699
2014-03-09 01:00:00,1.3569949922844
2014-03-12 01:00:00,1.41327427515548
2014-03-15 01:00:00,2.1970791932049
2014-03-18 01:00:00,3.93986646175279
2014-03-21 01:00:00,4.4191084641146
2014-03-24 01:00:00,5.35808840163409
2014-03-27 01:00:00,3.0798160626949
2014-03-30 01:00:00,3.82715671488489
2014-04-02 01:00:00,3.83516021951229
2014-04-05 01:00:00,4.35911724783307
2014-04-08 00:00:00,3.44066898645744
2014-04-11 00:00:00,2.497570354824
2014-04-14 00:00:00,5.09199625437447
2014-04-17 00:00:00,3.96022260032156
2014-04-20 00:00:00,7.61555621131927
2014-04-23 00:00:00,4.13047202661976
2014-04-26 00:00:00,6.42988821773245
2014-04-29 00:00:00,3.90551992939269
2014-05-02 00:00:00,5.73986863866715
2014-05-05 00:00:00,4.37497842574709
2014-05-08 00:00:00,5.27518007134383
2014-05-11 00:00:00,7.98626090283827
2014-05-14 00:00:00,3.23759553468135
2014-05-17 00:00:00,11.3824905735317
2014-05-20 00:00:00,3.41614986945691
2014-05-23 00:00:00,3.33283327485892
2014-05-26 00:00:00,4.05435798960788
2014-05-29 00:00:00,4.60962302784471
2014-06-01 00:00:00,4.48783294443122
2014-06-04 00:00:00,4.56272235605139
2014-06-07 00:00:00,7.02078450180922
2014-06-10 00:00:00,3.14434282162791
2014-06-13 00:00:00,4.14576653779168
2014-06-16 00:00:00,5.33117994041584
2014-06-19 00:00:00,5.80990515795365
2014-06-22 00:00:00,9.91522265660624
2014-06-25 00:00:00,4.62244457572187
2014-06-28 00:00:00,9.24796288399819
2014-07-01 00:00:00,2.35829465215835
2014-07-04 00:00:00,7.09372630580252
2014-07-07 00:00:00,4.49739751373387
2014-07-10 00:00:00,5.02956824499675
2014-07-13 00:00:00,6.37110233667762
2014-07-16 00:00:00,3.74352808838871
2014-07-19 00:00:00,5.65218641571192
2014-07-22 00:00:00,4.78921358930027
2014-07-25 00:00:00,5.99240494205904
2014-07-28 00:00:00,4.7723013099561
2014-07-31 00:00:00,5.20483478072127
2014-08-03 00:00:00,8.61299035962268
2014-08-06 00:00:00,4.52634468537823
2014-08-09 00:00:00,5.89440902933605
2014-08-12 00:00:00,4.40294856824502
2014-08-15 00:00:00,3.03762281369158
2014-08-18 00:00:00,3.24601474371851
2014-08-21 00:00:00,2.99998190615052
2014-08-24 00:00:00,7.85730796093537
2014-08-27 00:00:00,3.82076175882976
2014-08-30 00:00:00,8.72124257408811
2014-09-02 00:00:00,3.06637492209392
2014-09-05 00:00:00,3.93132285015072
2014-09-08 00:00:00,3.70704464499722
2014-09-11 00:00:00,4.1218109015259
2014-09-14 00:00:00,5.50576936360664
2014-09-17 00:00:00,4.23159601430555
2014-09-20 00:00:00,3.06905374730131
2014-09-23 00:00:00,3.12071928476905
2014-09-26 00:00:00,3.21271340738879
2014-09-29 00:00:00,2.14503424091236
2014-10-02 00:00:00,3.25937042086305
2014-10-05 00:00:00,1.75349183066075
2014-10-08 01:00:00,1.91864955421619
2014-10-11 01:00:00,2.8630949001539
2014-10-14 01:00:00,1.79765906314704
2014-10-17 01:00:00,2.52099946696884
2014-10-20 01:00:00,2.83004355518318
2014-10-23 01:00:00,2.56698314851676
2014-10-26 01:00:00,3.28956306007234
2014-10-29 01:00:00,2.96396590851408
2014-11-01 01:00:00,3.99120104985917
2014-11-04 01:00:00,2.2965242139616
2014-11-07 01:00:00,2.33959908570963
2014-11-10 01:00:00,2.0199728695235
2014-11-13 01:00:00,1.10845710861007
2014-11-16 01:00:00,2.4605256130059
2014-11-19 01:00:00,2.47986693335809
2014-11-22 01:00:00,3.94178971375035
2014-11-25 01:00:00,1.71112676384373
2014-11-28 01:00:00,0.843544274653723
2014-12-01 01:00:00,2.07566118033521
2014-12-04 01:00:00,1.28235907785996
2014-12-07 01:00:00,2.79955264945711
2014-12-10 01:00:00,2.21072986551603
2014-12-13 01:00:00,3.02159322405343
2014-12-16 01:00:00,1.84554234434593
2014-12-19 01:00:00,2.05879192827575
2014-12-22 01:00:00,2.27215145159318
2014-12-25 01:00:00,3.73774856591667
2014-12-28 01:00:00,4.72287448046574
2014-12-31 01:00:00,2.57558682592032
2015-01-03 01:00:00,1.75628184459466
2015-01-06 01:00:00,1.68599782624928
2015-01-09 01:00:00,1.57980153544364
2015-01-12 01:00:00,1.92632386641491
2015-01-15 01:00:00,1.25697164525258
2015-01-18 01:00:00,2.44074424107114
2015-01-21 01:00:00,0.916491361857795
2015-01-24 01:00:00,1.75978558983095
2015-01-27 01:00:00,1.58610993428331
2015-01-30 01:00:00,1.95070642202056
2015-02-02 01:00:00,2.40733294745095
2015-02-05 01:00:00,1.93117455279393
2015-02-08 01:00:00,2.38064493406011
2015-02-11 01:00:00,2.13684034807623
2015-02-14 01:00:00,2.26139089850046
2015-02-17 01:00:00,2.43926323314621
2015-02-20 01:00:00,2.49972167979199
2015-02-23 01:00:00,2.38009754415277
2015-02-26 01:00:00,2.7222017074519
2015-03-01 01:00:00,2.70628793945744
2015-03-04 01:00:00,1.64202351063048
2015-03-07 01:00:00,1.58630100588651
2015-03-10 01:00:00,1.52524301173917
2015-03-13 01:00:00,1.88090667108243
2015-03-16 01:00:00,2.26717619185218
2015-03-19 01:00:00,1.65307531305988
2015-03-22 01:00:00,3.53760580230205
2015-03-25 01:00:00,1.93346003925742
2015-03-28 01:00:00,3.23151683068787
2015-03-31 01:00:00,2.14053305105381
2015-04-03 01:00:00,2.46550480612447
2015-04-06 00:00:00,2.36084505661419
2015-04-09 00:00:00,1.73577840727352
2015-04-12 00:00:00,3.21992431243524
2015-04-15 00:00:00,1.48841292265958
2015-04-18 00:00:00,2.58316505800965
2015-04-21 00:00:00,2.01935112884714
2015-04-24 00:00:00,1.74185958204521
2015-04-27 00:00:00,1.55861517845431
2015-04-30 00:00:00,1.65488827712853
2015-05-03 00:00:00,2.32858694894513
2015-05-06 00:00:00,2.09554506582809
2015-05-09 00:00:00,2.42720748784417
2015-05-12 00:00:00,2.05184021387057
2015-05-15 00:00:00,2.42053031488871
2015-05-18 00:00:00,2.11547790794832
2015-05-21 00:00:00,2.35851499258406
2015-05-24 00:00:00,3.33948484429907
2015-05-27 00:00:00,1.75721095771916
2015-05-30 00:00:00,1.9782754527004
2015-06-02 00:00:00,1.60784805057848
2015-06-05 00:00:00,1.56914704090731
2015-06-08 00:00:00,1.72396038076975
2015-06-11 00:00:00,1.51793953674357
2015-06-14 00:00:00,2.16896822867517
2015-06-17 00:00:00,1.12447222339095
2015-06-20 00:00:00,1.98621265987926
2015-06-23 00:00:00,1.83004824640423
2015-06-26 00:00:00,1.75094218745541
2015-06-29 00:00:00,1.41931283326475
2015-07-02 00:00:00,1.52396631090215
2015-07-05 00:00:00,1.3048544616855
2015-07-08 00:00:00,1.6088517213158
2015-07-11 00:00:00,1.76332278210929
2015-07-14 00:00:00,1.5832292283178
2015-07-17 00:00:00,1.76792687327658
2015-07-20 00:00:00,2.06440476761482
2015-07-23 00:00:00,1.95237144568019
2015-07-26 00:00:00,3.10476994975893
2015-07-29 00:00:00,1.83179109930641
2015-08-01 00:00:00,2.30133645337442
2015-08-04 00:00:00,1.589930722094
2015-08-07 00:00:00,1.74443036543242
2015-08-10 00:00:00,1.62864176111309
2015-08-13 00:00:00,1.25704635165558
2015-08-16 00:00:00,1.5768888149147
2015-08-19 00:00:00,1.08830742084475
2015-08-22 00:00:00,1.76844153381816
2015-08-25 00:00:00,0.842040443617305
2015-08-28 00:00:00,1.22066812523313
2015-08-31 00:00:00,1.52763180345368
2015-09-03 00:00:00,1.50587856691148
2015-09-06 00:00:00,1.6160128524062
2015-09-09 00:00:00,1.34270510308291
2015-09-12 00:00:00,2.6352767214639
2015-09-15 00:00:00,1.62687421703788
2015-09-18 00:00:00,1.3570822424284
2015-09-21 00:00:00,0.966746922814804
2015-09-24 00:00:00,1.38011015081365
2015-09-27 00:00:00,2.63210837100111
2015-09-30 00:00:00,1.21261379645246
2015-10-03 00:00:00,2.32311621157781
2015-10-06 01:00:00,1.26410129044669
2015-10-09 01:00:00,1.17725538701175
2015-10-12 01:00:00,1.37274774671509
2015-10-15 01:00:00,1.23087038250219
2015-10-18 01:00:00,1.83020449030537
2015-10-21 01:00:00,1.21001072943306
2015-10-24 01:00:00,1.47064761183067
2015-10-27 01:00:00,0.999557772917115
2015-10-30 01:00:00,0.795907076470316
2015-11-02 01:00:00,0.750908472938858
2015-11-05 01:00:00,0.51304624786855
2015-11-08 01:00:00,1.1984991531369
2015-11-11 01:00:00,0.731367295183377
2015-11-14 01:00:00,0.868618575389944
2015-11-17 01:00:00,0.889442204759612
2015-11-20 01:00:00,1.23114000981948
2015-11-23 01:00:00,1.49002083120252
2015-11-26 01:00:00,0.990119187235737
2015-11-29 01:00:00,1.57118895863064
2015-12-02 01:00:00,0.849548320735722
2015-12-05 01:00:00,0.980041851769912
2015-12-08 01:00:00,0.99135800942251
2015-12-11 01:00:00,0.837997936916664
2015-12-14 01:00:00,1.10904508699342
2015-12-17 01:00:00,0.95459456594468
2015-12-20 01:00:00,1.19715714048896
2015-12-23 01:00:00,1.00735579905288
2015-12-26 01:00:00,1.24439921998371
2015-12-29 01:00:00,1.67103314038137
2016-01-01 01:00:00,2.66472715395722
2016-01-04 01:00:00,2.15724496843226
2016-01-07 01:00:00,1.14119559852934
2016-01-10 01:00:00,2.08617585542372
2016-01-13 01:00:00,1.2687113914469
2016-01-16 01:00:00,1.2161496951599
2016-01-19 01:00:00,1.36404167751342
2016-01-22 01:00:00,1.34357354294344
2016-01-25 01:00:00,0.893676827702024
2016-01-28 01:00:00,1.02570866655571
2016-01-31 01:00:00,1.72595915634915
2016-02-03 01:00:00,1.67526883567789
2016-02-06 01:00:00,1.7154981504835
2016-02-09 01:00:00,1.40463649942413
2016-02-12 01:00:00,1.36374001702657
2016-02-15 01:00:00,0.878013948366799
2016-02-18 01:00:00,1.16049527157295
2016-02-21 01:00:00,0.919702423331756
2016-02-24 01:00:00,0.770862769259023
2016-02-27 01:00:00,1.0322174550812
2016-03-01 01:00:00,0.593648404713777
2016-03-04 01:00:00,0.926928625912155
2016-03-07 01:00:00,0.960581008420334
2016-03-10 01:00:00,1.19396045852566
2016-03-13 01:00:00,1.59376694968802
2016-03-16 01:00:00,1.3401813053573
2016-03-19 01:00:00,1.61029812043795
2016-03-22 01:00:00,1.18831341916118
2016-03-25 01:00:00,1.13559255930411
2016-03-28 01:00:00,1.31409293869563
2016-03-31 01:00:00,0.971532273519957
2016-04-03 01:00:00,1.72752228410116
2016-04-06 00:00:00,1.06651931090008
2016-04-09 00:00:00,1.66935827462873
2016-04-12 00:00:00,1.03137683437473
2016-04-15 00:00:00,1.20120038621336
2016-04-18 00:00:00,1.26394931059239
2016-04-21 00:00:00,1.10142353732356
2016-04-24 00:00:00,1.47216390770028
2016-04-27 00:00:00,0.949491846785688
2016-04-30 00:00:00,1.80468633122373
2016-05-03 00:00:00,1.33018002508005
2016-05-06 00:00:00,1.28105377097108
2016-05-09 00:00:00,1.44673048475392
2016-05-12 00:00:00,1.11928117489288
2016-05-15 00:00:00,1.64543779251844
2016-05-18 00:00:00,1.20643462662945
2016-05-21 00:00:00,1.54416147529536
2016-05-24 00:00:00,1.15088930920565
2016-05-27 00:00:00,0.584199802726324
2016-05-30 00:00:00,0.837021530268353
2016-06-02 00:00:00,1.01795575748495
2016-06-05 00:00:00,1.77902031010523
2016-06-08 00:00:00,1.18650653329097
2016-06-11 00:00:00,1.44840202632549
2016-06-14 00:00:00,0.956959697305989
2016-06-17 00:00:00,0.928183401409547
2016-06-20 00:00:00,1.42218340245483
2016-06-23 00:00:00,0.740805437505099
2016-06-26 00:00:00,1.57281784319499
2016-06-29 00:00:00,1.29691345995263
2016-07-02 00:00:00,1.57157494391838
2016-07-05 00:00:00,1.26533063433238
2016-07-08 00:00:00,1.30221215665776
2016-07-11 00:00:00,0.727605184941143
2016-07-14 00:00:00,0.736771905475706
2016-07-17 00:00:00,0.81159128177808
2016-07-20 00:00:00,0.773349188814563
2016-07-23 00:00:00,0.978336683470977
2016-07-26 00:00:00,0.620609102494499
2016-07-29 00:00:00,0.839491038327294
2016-08-01 00:00:00,0.70328339461937
2016-08-04 00:00:00,0.544136991773067
2016-08-07 00:00:00,0.744034009875451
2016-08-10 00:00:00,0.662003020360872
2016-08-13 00:00:00,1.15537422129249
2016-08-16 00:00:00,0.567108898121273
2016-08-19 00:00:00,0.718303727170061
2016-08-22 00:00:00,0.822608373697904
2016-08-25 00:00:00,0.696838160637024
2016-08-28 00:00:00,1.35920273124944
2016-08-31 00:00:00,0.633937094635041
2016-09-03 00:00:00,0.930505264757427
2016-09-06 00:00:00,0.783208752001334
2016-09-09 00:00:00,0.786098217676244
2016-09-12 00:00:00,1.02533905191029
2016-09-15 00:00:00,0.991283174840725
2016-09-18 00:00:00,1.12572731974015
2016-09-21 00:00:00,0.962740880342977
2016-09-24 00:00:00,1.29859697399363
2016-09-27 00:00:00,0.890838347984237
2016-09-30 00:00:00,0.735106814413734
2016-10-03 01:00:00,0.790105668708973
2016-10-06 01:00:00,0.881001521051492
2016-10-09 01:00:00,1.0814983277991
2016-10-12 01:00:00,0.620806359170592
2016-10-15 01:00:00,0.905913107895022
2016-10-18 01:00:00,0.593476883412879
2016-10-21 01:00:00,0.853530538827411
2016-10-24 01:00:00,0.750014044057204
2016-10-27 01:00:00,0.569377507911031
2016-10-30 01:00:00,1.18349903159034
2016-11-02 01:00:00,0.769523060499527
2016-11-05 01:00:00,1.1127764686572
2016-11-08 01:00:00,0.747332693804517
2016-11-11 01:00:00,0.987787001417028
2016-11-14 01:00:00,0.935117535216312
2016-11-17 01:00:00,0.617490136877645
2016-11-20 01:00:00,0.960371231240504
2016-11-23 01:00:00,0.709547509246679
2016-11-26 01:00:00,0.808197017971533
2016-11-29 01:00:00,0.64457450507911
2016-12-02 01:00:00,0.642710923693817
2016-12-05 01:00:00,0.781484031072143
2016-12-08 01:00:00,0.743718400870308
2016-12-11 01:00:00,1.54089033497205
2016-12-14 01:00:00,0.689442439308594
2016-12-17 01:00:00,0.808412864969001
2016-12-20 01:00:00,0.592777957792286
2016-12-23 01:00:00,0.46384561404357
2016-12-26 01:00:00,0.69001136502607
2016-12-29 01:00:00,0.623151574672784
2017-01-01 01:00:00,1.18118424515205
2017-01-04 01:00:00,0.537834883907574
2017-01-07 01:00:00,0.538421514687064
2017-01-10 01:00:00,0.674433843072644
2017-01-13 01:00:00,0.644310381828629
2017-01-16 01:00:00,0.907931808276704
2017-01-19 01:00:00,0.88392831087184
2017-01-22 01:00:00,0.98665279676945
2017-01-25 01:00:00,0.668626305147686
2017-01-28 01:00:00,1.67578770491463
2017-01-31 01:00:00,0.868427653262473
2017-02-03 01:00:00,0.766311926868314
2017-02-06 01:00:00,0.802740424659338
2017-02-09 01:00:00,0.633978113146438
2017-02-12 01:00:00,1.58118602849285
2017-02-15 01:00:00,0.941780602739312
2017-02-18 01:00:00,1.22875948534632
2017-02-21 01:00:00,0.895638453407934
2017-02-24 01:00:00,0.730856554000025
2017-02-27 01:00:00,0.902706986410963
2017-03-02 01:00:00,0.642877318390692
2017-03-05 01:00:00,1.18867674041354
2017-03-08 01:00:00,0.774866820820965
2017-03-11 01:00:00,0.997990475064672
2017-03-14 01:00:00,0.809611129316324
2017-03-17 01:00:00,0.452369029257388
2017-03-20 01:00:00,0.668063998349863
2017-03-23 01:00:00,0.690829556025212
2017-03-26 01:00:00,0.940971340745558
2017-03-29 01:00:00,0.763627187617174
2017-04-01 01:00:00,0.734446608984975
2017-04-04 00:00:00,0.586986210248813
2017-04-07 00:00:00,0.689138277885976
2017-04-10 00:00:00,0.903119800557719
2017-04-13 00:00:00,0.725660497604618
2017-04-16 00:00:00,0.97329049634696
2017-04-19 00:00:00,0.800818657821078
2017-04-22 00:00:00,1.13447753717284
2017-04-25 00:00:00,0.694444833649756
2017-04-28 00:00:00,0.614168307222307
2017-05-01 00:00:00,0.677483977373238
2017-05-04 00:00:00,0.603988124430962
2017-05-07 00:00:00,0.858193213743151
2017-05-10 00:00:00,0.520698971031019
2017-05-13 00:00:00,0.910561139681125
2017-05-16 00:00:00,0.612801883430993
2017-05-19 00:00:00,0.569751444023995
2017-05-22 00:00:00,0.53929603315177
2017-05-25 00:00:00,0.504534795714708
2017-05-28 00:00:00,1.065984691698
2017-05-31 00:00:00,0.701424853182537
2017-06-03 00:00:00,0.91203909598101
2017-06-06 00:00:00,0.787581464189885
2017-06-09 00:00:00,0.978000783715402
2017-06-12 00:00:00,0.728651357468452
2017-06-15 00:00:00,0.783753862138694
2017-06-18 00:00:00,1.00774571506398
2017-06-21 00:00:00,0.724663558675388
2017-06-24 00:00:00,1.32226390053898
2017-06-27 00:00:00,0.697243114488487
2017-06-30 00:00:00,0.753357132849655
2017-07-03 00:00:00,1.0420829630548
2017-07-06 00:00:00,0.987559926188289
2017-07-09 00:00:00,0.679668853047713
2017-07-12 00:00:00,1.03317997219956
2017-07-15 00:00:00,0.905090116127231
2017-07-18 00:00:00,0.868551385475183
2017-07-21 00:00:00,0.855937855536735
2017-07-24 00:00:00,1.19938319190106
2017-07-27 00:00:00,0.679643864636386
2017-07-30 00:00:00,0.462844619857646
2017-08-02 00:00:00,0.391755867234631
2017-08-05 00:00:00,0.764589406345019
2017-08-08 00:00:00,0.614760819851939
2017-08-11 00:00:00,0.762881560983401
2017-08-14 00:00:00,0.917429832020705
2017-08-17 00:00:00,0.859546572668978
2017-08-20 00:00:00,1.00537559494185
2017-08-23 00:00:00,0.998438490470506
2017-08-26 00:00:00,1.08882308407516
2017-08-29 00:00:00,0.935453027398625
2017-09-01 00:00:00,1.03955155225437
2017-09-04 00:00:00,0.773173714579362
2017-09-07 00:00:00,0.910552295378743
2017-09-10 00:00:00,0.939829357079567
2017-09-13 00:00:00,1.01440898441082
2017-09-16 00:00:00,1.11318932335372
2017-09-19 00:00:00,0.990840775051766
2017-09-22 00:00:00,0.934009377662817
2017-09-25 00:00:00,0.671042116697418
2017-09-28 00:00:00,1.17574933179507
2017-10-01 00:00:00,1.51645328472739
2017-10-04 01:00:00,1.29863963506009
2017-10-07 01:00:00,1.66125583695069
2017-10-10 01:00:00,0.89050368080717
2017-10-13 01:00:00,0.758518262535519
2017-10-16 01:00:00,1.18533917431047
2017-10-19 01:00:00,0.961352843811895
2017-10-22 01:00:00,1.44422878733116
2017-10-25 01:00:00,0.650486076442616
2017-10-28 01:00:00,1.10436700341176
2017-10-31 01:00:00,0.783182279446348
2017-11-03 01:00:00,0.756089308521654
2017-11-06 01:00:00,0.847022230248855
2017-11-09 01:00:00,0.70467193541882
2017-11-12 01:00:00,0.48692358745844
2017-11-15 01:00:00,0.78632456738956
2017-11-18 01:00:00,0.791453674989372
2017-11-21 01:00:00,0.785241911844357
2017-11-24 01:00:00,0.646050080520444
2017-11-27 01:00:00,0.672035489670061
2017-11-30 01:00:00,0.688954073716176
2017-12-03 01:00:00,1.34033508193467
2017-12-06 01:00:00,0.975666738394452
2017-12-09 01:00:00,1.06925422374534
2017-12-12 01:00:00,0.749367847395009
2017-12-15 01:00:00,1.14576226246163
2017-12-18 01:00:00,1.11993901836132
2017-12-21 01:00:00,1.22584841227641
2017-12-24 01:00:00,1.51702373544229
2017-12-27 01:00:00,0.918851221498477
2017-12-30 01:00:00,0.879881215858663
2018-01-02 01:00:00,1.19630043409689
2018-01-05 01:00:00,0.827742031044218
2018-01-08 01:00:00,1.04746477410703
2018-01-11 01:00:00,1.15247670529338
2018-01-14 01:00:00,1.25689648908977
2018-01-17 01:00:00,1.06573912732073
2018-01-20 01:00:00,1.28950400281245
2018-01-23 01:00:00,1.40038054830074
2018-01-26 01:00:00,0.844385093603178
2018-01-29 01:00:00,1.24221595576606
2018-02-01 01:00:00,0.824870658378611
2018-02-04 01:00:00,1.22151089691304
2018-02-07 01:00:00,0.90908195810481
2018-02-10 01:00:00,1.67064220379085
2018-02-13 01:00:00,1.44339482946616
2018-02-16 01:00:00,1.89875292088454
2018-02-19 01:00:00,1.8683187482082
2018-02-22 01:00:00,0.762885150271565
2018-02-25 01:00:00,2.87400819536149
2018-02-28 01:00:00,1.01008098534972
2018-03-03 01:00:00,2.50974404189182
2018-03-06 01:00:00,1.67233674706701
2018-03-09 01:00:00,0.913078541790389
2018-03-12 01:00:00,1.71309604811748
2018-03-15 01:00:00,1.24324903328083
2018-03-18 01:00:00,1.81765009226549
2018-03-21 01:00:00,1.67862809507915
2018-03-24 01:00:00,2.87464443450051
2018-03-27 01:00:00,1.618994055966
2018-03-30 01:00:00,1.15670351575915
2018-04-02 00:00:00,1.81393972901259
2018-04-05 00:00:00,1.76089675680804
2018-04-08 00:00:00,2.55003948214595
2018-04-11 00:00:00,1.49832165687552
2018-04-14 00:00:00,2.68640180788028
2018-04-17 00:00:00,1.7873619217549
2018-04-20 00:00:00,1.32681296127183
2018-04-23 00:00:00,1.47633642575069
2018-04-26 00:00:00,1.19617224967569
2018-04-29 00:00:00,1.82624656246814
2018-05-02 00:00:00,1.220483698272
2018-05-05 00:00:00,2.01795237882555
2018-05-08 00:00:00,1.25674952409936
2018-05-11 00:00:00,1.07976569224818
2018-05-14 00:00:00,0.785061978760781
2018-05-17 00:00:00,0.722439842798791
2018-05-20 00:00:00,3.01451690929292
2018-05-23 00:00:00,1.49358208953771
2018-05-26 00:00:00,3.57809927032588
2018-05-29 00:00:00,1.42204865013971
2018-06-01 00:00:00,1.81752197183495
2018-06-04 00:00:00,2.23539932722279
2018-06-07 00:00:00,1.73352185363009
2018-06-10 00:00:00,1.70510490665121
2018-06-13 00:00:00,1.14393850279201
2018-06-16 00:00:00,3.43314382907185
2018-06-19 00:00:00,1.89209664399069
2018-06-22 00:00:00,1.4191590231695
2018-06-25 00:00:00,1.83223540788544
2018-06-28 00:00:00,1.73143890209635
2018-07-01 00:00:00,1.20078359144108
2018-07-04 00:00:00,1.70642734526175
2018-07-07 00:00:00,3.57748299023193
2018-07-10 00:00:00,1.51162907348545
2018-07-13 00:00:00,1.71672787461285
2018-07-16 00:00:00,1.32470109582741
2018-07-19 00:00:00,1.61100350097976
2018-07-22 00:00:00,4.40141688830001
2018-07-25 00:00:00,1.83503180923608
2018-07-28 00:00:00,2.97712220237153
2018-07-31 00:00:00,1.60926182537112
2018-08-03 00:00:00,1.67941090472202
2018-08-06 00:00:00,1.57902204601336
2018-08-09 00:00:00,1.28117817123792
2018-08-12 00:00:00,3.68265389337905
2018-08-15 00:00:00,1.46928895759155
2018-08-18 00:00:00,3.50808519164068
2018-08-21 00:00:00,1.37261657658804
2018-08-24 00:00:00,1.85283834583188
2018-08-27 00:00:00,2.03822436410121
2018-08-30 00:00:00,1.69373397991516
2018-09-02 00:00:00,2.94512743579721
2018-09-05 00:00:00,1.26817328033794
2018-09-08 00:00:00,3.30508587597518
2018-09-11 00:00:00,1.51686864553586
2018-09-14 00:00:00,1.49027008361724
2018-09-17 00:00:00,1.90020516251764
2018-09-20 00:00:00,1.82456766355894
2018-09-23 00:00:00,3.7702862162742
2018-09-26 00:00:00,1.54836953506947
2018-09-29 00:00:00,2.70915296648714
2018-10-02 00:00:00,1.37716054287184
2018-10-05 00:00:00,1.71919675578874
2018-10-08 01:00:00,1.81011263180042
2018-10-11 01:00:00,1.44252665561007
2018-10-14 01:00:00,2.24490078752356
2018-10-17 01:00:00,1.56593410437506
2018-10-20 01:00:00,1.69694887364757
2018-10-23 01:00:00,1.70970618132662
2018-10-26 01:00:00,1.57415378928167
2018-10-29 01:00:00,1.30765071509081
2018-11-01 01:00:00,1.53996977663191
2018-11-04 01:00:00,1.8934382903671
2018-11-07 01:00:00,1.27290447877957
2018-11-10 01:00:00,2.82008749171342
2018-11-13 01:00:00,1.18328180666526
2018-11-16 01:00:00,0.823165581278261
2018-11-19 01:00:00,0.828227892824964
2018-11-22 01:00:00,1.05668275831114
2018-11-25 01:00:00,1.0002817345146
2018-11-28 01:00:00,0.753828649677934
2018-12-01 01:00:00,0.947558204474756
2018-12-04 01:00:00,0.285423079230248
2018-12-07 01:00:00,0.660452310910708
2018-12-10 01:00:00,1.05114166182324
2018-12-13 01:00:00,0.975697289311157
2018-12-16 01:00:00,1.48114957272715
2018-12-19 01:00:00,0.793741966024638
2018-12-22 01:00:00,2.82817791759637
2018-12-25 01:00:00,1.87444726079078
2018-12-28 01:00:00,1.26106563926129
2018-12-31 01:00:00,1.56579730704401
2019-01-03 01:00:00,1.30974366354496
2019-01-06 01:00:00,2.43053604310171
2019-01-09 01:00:00,1.35125790099297
2019-01-12 01:00:00,2.36528189046194
2019-01-15 01:00:00,0.486604986869542
2019-01-18 01:00:00,1.40219088151139
2019-01-21 01:00:00,1.40910107982086
2019-01-24 01:00:00,1.54099562963499
2019-01-27 01:00:00,2.86043519912607
2019-01-30 01:00:00,0.79799173840412
2019-02-02 01:00:00,2.00310540036018
2019-02-05 01:00:00,1.54775725140264
2019-02-08 01:00:00,1.30013824564251
2019-02-11 01:00:00,1.30649275086857
2019-02-14 01:00:00,1.41026305879784
2019-02-17 01:00:00,3.019286186941
2019-02-20 01:00:00,0.946842552129028
2019-02-23 01:00:00,1.46887269552498
2019-02-26 01:00:00,1.32996874204855
2019-03-01 01:00:00,1.45984435485304
2019-03-04 01:00:00,1.27232387509112
2019-03-07 01:00:00,1.26863901346628
2019-03-10 01:00:00,2.31136949141422
2019-03-13 01:00:00,1.04931000293921
2019-03-16 01:00:00,2.35454121363282
2019-03-19 01:00:00,1.44848624303721
2019-03-22 01:00:00,1.53585496584969
2019-03-25 01:00:00,1.25943280397893
2019-03-28 01:00:00,1.21732648604361
2019-03-31 01:00:00,1.7274282491527
2019-04-03 01:00:00,0.827606229509857
2019-04-06 01:00:00,2.14484730835584
2019-04-09 00:00:00,1.05062399588499
2019-04-12 00:00:00,1.4463116694309
2019-04-15 00:00:00,1.22025700275204
2019-04-18 00:00:00,1.48639054748649
2019-04-21 00:00:00,3.11835620766643
2019-04-24 00:00:00,0.773807126711354
2019-04-27 00:00:00,2.05914364739082
2019-04-30 00:00:00,1.14896987114037
2019-05-03 00:00:00,1.29624917652674
2019-05-06 00:00:00,1.44274802044806
2019-05-09 00:00:00,0.97059989920477
2019-05-12 00:00:00,1.48745143172796
2019-05-15 00:00:00,1.06477960373299
2019-05-18 00:00:00,2.17495572313629
2019-05-21 00:00:00,1.66331068287359
2019-05-24 00:00:00,1.30386882764461
2019-05-27 00:00:00,1.58799775871353
2019-05-30 00:00:00,1.44755791703504
2019-06-02 00:00:00,2.33827962314783
2019-06-05 00:00:00,0.65674332184093
2019-06-08 00:00:00,2.39652550174117
2019-06-11 00:00:00,0.938602657043801
2019-06-14 00:00:00,1.48593922404396
2019-06-17 00:00:00,0.565257165519492
2019-06-20 00:00:00,1.50363178374603
2019-06-23 00:00:00,2.15424762856351
2019-06-26 00:00:00,0.976182735695994
2019-06-29 00:00:00,2.01891779250772
2019-07-02 00:00:00,1.19310971309217
2019-07-05 00:00:00,2.30706322021032
2019-07-08 00:00:00,1.33237372160806
2019-07-11 00:00:00,1.04545514100845
2019-07-14 00:00:00,2.29269963896861
2019-07-17 00:00:00,0.869258775159917
2019-07-20 00:00:00,2.9210257461087
2019-07-23 00:00:00,1.98337817840309
2019-07-26 00:00:00,2.08717987331926
2019-07-29 00:00:00,0.50793879329425
2019-08-01 00:00:00,1.74953180032133
2019-08-04 00:00:00,3.95446140890222
2019-08-07 00:00:00,1.536770547494
2019-08-10 00:00:00,2.79670792063153
2019-08-13 00:00:00,1.40050957869388
2019-08-16 00:00:00,1.87216168790387
2019-08-19 00:00:00,2.20009619492582
2019-08-22 00:00:00,1.91816566839818
2019-08-25 00:00:00,3.47246226586943
2019-08-28 00:00:00,1.8352399919388
2019-08-31 00:00:00,3.79720494520806
2019-09-03 00:00:00,1.49805790293414
2019-09-06 00:00:00,0.770465305641443
2019-09-09 00:00:00,1.55274252976604
2019-09-12 00:00:00,1.1303404198588
2019-09-15 00:00:00,4.1738771348095
2019-09-18 00:00:00,1.18615943762716
2019-09-21 00:00:00,1.62450892368954
2019-09-24 00:00:00,0.612252947842072
2019-09-27 00:00:00,1.18539212450706
2019-09-30 00:00:00,1.30091157985031
2019-10-03 00:00:00,1.64124749656665
2019-10-06 00:00:00,3.511804079782
2019-10-09 01:00:00,1.37513618251621
2019-10-12 01:00:00,3.23041471642301
2019-10-15 01:00:00,1.73979581101863
2019-10-18 01:00:00,1.56089897579785
2019-10-21 01:00:00,1.76060888643622
2019-10-24 01:00:00,1.27948164054958
2019-10-27 01:00:00,1.92296233968397
2019-10-30 01:00:00,1.70705158922152
2019-11-02 01:00:00,2.17843092675005
2019-11-05 01:00:00,0.630200423602675
2019-11-08 01:00:00,1.0123434081917
2019-11-11 01:00:00,2.34833636950025
2019-11-14 01:00:00,1.98420086976904
2019-11-17 01:00:00,4.83710317242172
2019-11-20 01:00:00,1.70007095561152
2019-11-23 01:00:00,1.40540452481184
2019-11-26 01:00:00,0.946517325705972
2019-11-29 01:00:00,1.31192028161562
2019-12-02 01:00:00,1.4872996917273
2019-12-05 01:00:00,1.62104084979118
2019-12-08 01:00:00,4.53703042299707
2019-12-11 01:00:00,1.25614982030957
2019-12-14 01:00:00,3.03493666129973
2019-12-17 01:00:00,0.713163943164135
2019-12-20 01:00:00,1.18471414472948
2019-12-23 01:00:00,1.20170941691038
2019-12-26 01:00:00,2.00997963034845
2019-12-29 01:00:00,3.75529837025989
2020-01-01 01:00:00,5.71904883739375
2020-01-04 01:00:00,2.51197771592301
2020-01-07 01:00:00,1.57183521615762
2020-01-10 01:00:00,1.2135893457625
2020-01-13 01:00:00,1.65958575855012
2020-01-16 01:00:00,1.31836205434412
2020-01-19 01:00:00,2.80773635246519
2020-01-22 01:00:00,1.38152887675808
2020-01-25 01:00:00,4.60284464593957
2020-01-28 01:00:00,1.54327586863365
2020-01-31 01:00:00,0.769218160598372
2020-02-03 01:00:00,0.498064922176011
2020-02-06 01:00:00,0.514657875918228
2020-02-09 01:00:00,2.65219462432568
2020-02-12 01:00:00,1.00323455866724
2020-02-15 01:00:00,1.64879835548441
2020-02-18 01:00:00,1.25589868580933
2020-02-21 01:00:00,1.66592285292519
2020-02-24 01:00:00,1.63921839067007
2020-02-27 01:00:00,0.809597226062245
2020-03-01 01:00:00,3.46871713826849
2020-03-04 01:00:00,1.40925199726037
2020-03-07 01:00:00,2.54904951322742
2020-03-10 01:00:00,0.810427515623222
2020-03-13 01:00:00,0.313409278393858
2020-03-16 01:00:00,0.431327192687247
2020-03-19 01:00:00,0.663386234659011
2020-03-22 01:00:00,1.4125470125015
2020-03-25 01:00:00,0.862999582530753
2020-03-28 01:00:00,1.81231343895292
2020-03-31 01:00:00,1.11273011591589
2020-04-03 01:00:00,1.14821211341769
2020-04-06 00:00:00,0.603257355009984
2020-04-09 00:00:00,0.616098051971365
2020-04-12 00:00:00,3.26807842412885
2020-04-15 00:00:00,1.44266156615795
2020-04-18 00:00:00,2.74356730576726
2020-04-21 00:00:00,1.22197417562197
2020-04-24 00:00:00,0.736377698180646
2020-04-27 00:00:00,1.12436281672108
2020-04-30 00:00:00,0.610625953748244
2020-05-03 00:00:00,2.45883201868246
2020-05-06 00:00:00,1.25746030646475
2020-05-09 00:00:00,0.918719841978523
2020-05-12 00:00:00,0.470427809083305
2020-05-15 00:00:00,0.571187620043989
2020-05-18 00:00:00,0.643756283379974
2020-05-21 00:00:00,0.517094174676432
2020-05-24 00:00:00,0.742231736256577
2020-05-27 00:00:00,0.558719950268239
2020-05-30 00:00:00,1.36512545774286
2020-06-02 00:00:00,0.332475589573621
2020-06-05 00:00:00,0.643625555501928
2020-06-08 00:00:00,0.702782220546985
2020-06-11 00:00:00,0.494581158589365
2020-06-14 00:00:00,2.26145199073362
2020-06-17 00:00:00,0.512833391501155
2020-06-20 00:00:00,1.41916928328575
2020-06-23 00:00:00,0.461744087925333
2020-06-26 00:00:00,0.501998388117802
2020-06-29 00:00:00,0.782141422483315
2020-07-02 00:00:00,0.745308502678539
2020-07-05 00:00:00,1.84808320733318
2020-07-08 00:00:00,0.58572516008867
2020-07-11 00:00:00,1.61443579864814
2020-07-14 00:00:00,0.722884167598811
2020-07-17 00:00:00,0.675686518109295
2020-07-20 00:00:00,0.833644781046791
2020-07-23 00:00:00,0.542522082246718
2020-07-26 00:00:00,1.04898798468665
2020-07-29 00:00:00,0.589846809571004
2020-08-01 00:00:00,0.891978008719587
2020-08-04 00:00:00,0.755197282739073
2020-08-07 00:00:00,0.679736102224643
2020-08-10 00:00:00,0.577602036452757
2020-08-13 00:00:00,0.696704195947177
2020-08-16 00:00:00,1.3141907439138
2020-08-19 00:00:00,0.6108975379559816
2020-08-22 00:00:00,1.1672191809236776
2020-08-25 00:00:00,0.6625426149399676
2020-08-28 00:00:00,0.6457734140650777
2020-08-31 00:00:00,0.5185620879731048
2020-09-03 00:00:00,0.47308262169013804
2020-09-06 00:00:00,1.105234834986809
2020-09-09 00:00:00,0.7020678461775628
2020-09-12 00:00:00,1.3736670840782848
2020-09-15 00:00:00,0.6763189695896972
2020-09-18 00:00:00,0.6207988572358983
2020-09-21 00:00:00,0.639579028165906
2020-09-24 00:00:00,0.4870885007237496
2020-09-27 00:00:00,1.3562600649346632
2020-09-30 00:00:00,0.7356462554932505
2020-10-03 00:00:00,1.2824421988235706
2020-10-06 01:00:00,0.7257843573436046
2020-10-09 01:00:00,0.5342088451953242
2020-10-12 01:00:00,0.7577913170133239
2020-10-15 01:00:00,0.7133752175008568
2020-10-18 01:00:00,1.590286977260209
2020-10-21 01:00:00,0.48541425642601893
2020-10-24 01:00:00,1.3501252440394405
2020-10-27 01:00:00,0.5670954296388919
2020-10-30 01:00:00,0.677460094981008
2020-11-02 01:00:00,0.6355940861054593
2020-11-05 01:00:00,0.4057216682538677
2020-11-08 01:00:00,1.348354964404909
2020-11-11 01:00:00,0.5900436940095641
2020-11-14 01:00:00,1.1496590238577382
2020-11-17 01:00:00,0.5878198669144952
2020-11-20 01:00:00,0.49122919575528157
2020-11-23 01:00:00,0.6662917345869
2020-11-26 01:00:00,0.515122648305894
2020-11-29 01:00:00,1.3316931734493402
2020-12-02 01:00:00,0.6130304664189823
2020-12-05 01:00:00,1.4954115911801804
2020-12-08 01:00:00,0.5021757917706171
2020-12-11 01:00:00,0.5826833384402668
2020-12-14 01:00:00,0.6893949053165637
2020-12-17 01:00:00,0.40321372673644434
2020-12-20 01:00:00,0.9861968227563076
2020-12-23 01:00:00,0.4050826612339991
2020-12-26 01:00:00,0.9070823739194301
2020-12-29 01:00:00,0.5127053550318996
2021-01-01 01:00:00,0.669275897805929
2021-01-04 01:00:00,0.5298150829987099
2021-01-07 01:00:00,0.4569802954365618
2021-01-10 01:00:00,1.0091018077505713
2021-01-13 01:00:00,0.7104823730778744
2021-01-16 01:00:00,1.4833539835803866
2021-01-19 01:00:00,0.5118964723955481
2021-01-22 01:00:00,0.5951099981709967
2021-01-25 01:00:00,0.8484493506719659
2021-01-28 01:00:00,0.642145729297233
2021-01-31 01:00:00,1.0710317191879484
2021-02-03 01:00:00,0.7848462301203677
2021-02-06 01:00:00,0.9905940504894003
2021-02-09 01:00:00,0.476587723193695
2021-02-12 01:00:00,0.6824367692921438
2021-02-15 01:00:00,1.0293450790905836
2021-02-18 01:00:00,0.6687067844174988
2021-02-21 01:00:00,0.7351507436471538
2021-02-24 01:00:00,0.6548274147604114
2021-02-27 01:00:00,1.4971069957435934
2021-03-02 01:00:00,0.7539288876179948
2021-03-05 01:00:00,0.5811601719993785
2021-03-08 01:00:00,0.8334710748714772
2021-03-11 01:00:00,0.6747940089695121
2021-03-14 01:00:00,1.0948390920088062
2021-03-17 01:00:00,0.8495406108667236
2021-03-20 01:00:00,1.8207795741364163
2021-03-23 01:00:00,0.8048137935709704
2021-03-26 01:00:00,0.6611933101291345
2021-03-29 01:00:00,0.904379871282427
2021-04-01 01:00:00,0.843483052026611
2021-04-04 01:00:00,1.878992271713284
2021-04-07 00:00:00,0.9607137732136165
2021-04-10 00:00:00,1.0519324949964597
2021-04-13 00:00:00,0.6561472088723176
2021-04-16 00:00:00,0.6106632810948481
2021-04-19 00:00:00,0.6736229263705363
2021-04-22 00:00:00,0.7563878460102058
2021-04-25 00:00:00,0.869075225615717
2021-04-28 00:00:00,1.0375476498777783
2021-05-01 00:00:00,1.7028587897946268
2021-05-04 00:00:00,0.8837680789022855
2021-05-07 00:00:00,0.7385272279527896
2021-05-10 00:00:00,0.8774837112740578
2021-05-13 00:00:00,0.4724528478773999
2021-05-16 00:00:00,0.728476912258353
2021-05-19 00:00:00,0.24967458278612978
2021-05-22 00:00:00,0.6162768576015744
2021-05-25 00:00:00,0.5253364545296606
2021-05-28 00:00:00,0.5481015511661607
2021-05-31 00:00:00,1.0292845907461226
2021-06-03 00:00:00,0.9126293902136231
2021-06-06 00:00:00,2.227707756523766
2021-06-09 00:00:00,0.7159548749122091
2021-06-12 00:00:00,1.4482099062747036
2021-06-15 00:00:00,0.8447231427227226
2021-06-18 00:00:00,0.5795790827698648
2021-06-21 00:00:00,0.486689107830614
2021-06-24 00:00:00,0.6131062315604641
2021-06-27 00:00:00,0.6185220884256176
2021-06-30 00:00:00,0.5796447201382955
2021-07-03 00:00:00,1.9187998497032661
2021-07-06 00:00:00,1.3604011446138637
2021-07-09 00:00:00,1.0984343368664642
2021-07-12 00:00:00,0.7900014833264972
2021-07-15 00:00:00,0.743387979640712
2021-07-18 00:00:00,2.753703472079963
2021-07-21 00:00:00,0.8391737938289617
2021-07-24 00:00:00,1.9540989621284524
2021-07-27 00:00:00,0.5530667680348222
2021-07-30 00:00:00,1.1545590918917163
2021-08-02 00:00:00,1.0621196705004923
2021-08-05 00:00:00,1.252161096596541
2021-08-08 00:00:00,1.542916928821749
2021-08-11 00:00:00,0.7395487277579955
2021-08-14 00:00:00,1.544547694552656
2021-08-17 00:00:00,1.7575377731716528
2021-08-20 00:00:00,0.8524583454800021
2021-08-23 00:00:00,1.0824093610707566
2021-08-26 00:00:00,0.8281422124054815
2021-08-29 00:00:00,2.943836203442484