Timestamp,estimated-transaction-volume-usd
2010-08-28 00:00:00,861.929599853
2010-08-31 00:00:00,2427.5209
2010-09-03 00:00:00,1513.3758
2010-09-06 00:00:00,1694.7888
2010-09-09 00:00:00,1023.925200006
2010-09-12 00:00:00,939.3114
2010-09-15 00:00:00,2492.3502
2010-09-18 00:00:00,2351.6856
2010-09-21 00:00:00,989.0634
2010-09-24 00:00:00,1059.924
2010-09-27 00:00:00,1767.6606
2010-09-30 00:00:00,1875.3306
2010-10-03 00:00:00,2186.6442
2010-10-06 01:00:00,4998.297
2010-10-09 01:00:00,14729.4
2010-10-12 01:00:00,5828.9436
2010-10-15 01:00:00,4345.6589
2010-10-18 01:00:00,3527.157
2010-10-21 01:00:00,6071.105
2010-10-24 01:00:00,9307.6451
2010-10-27 01:00:00,16422.7108
2010-10-30 01:00:00,6530.3057
2010-11-02 01:00:00,4586.306
2010-11-05 01:00:00,8610.0816
2010-11-08 01:00:00,195629.0635
2010-11-11 01:00:00,5038.9014
2010-11-14 01:00:00,9223.884
2010-11-17 01:00:00,8311.898
2010-11-20 01:00:00,12329.6376
2010-11-23 01:00:00,9171.2908
2010-11-26 01:00:00,21817.138
2010-11-29 01:00:00,8936.4492
2010-12-02 01:00:00,8956.0068
2010-12-05 01:00:00,4808.66499999999
2010-12-08 01:00:00,3899.9076
2010-12-11 01:00:00,7112.1288
2010-12-14 01:00:00,3396.48566366581
2010-12-17 01:00:00,3451.603935955
2010-12-20 01:00:00,7003.3680713048
2010-12-23 01:00:00,2191.2072
2010-12-26 01:00:00,2132.7725
2010-12-29 01:00:00,12312.4836
2011-01-01 01:00:00,3756.462
2011-01-04 01:00:00,3301.215234534
2011-01-07 01:00:00,6019.13819997
2011-01-10 01:00:00,13484.0989535456
2011-01-13 01:00:00,20276.7353779932
2011-01-16 01:00:00,15396.717020928
2011-01-19 01:00:00,13865.6361089902
2011-01-22 01:00:00,13223.8008858384
2011-01-25 01:00:00,10298.9287441744
2011-01-28 01:00:00,8826.567
2011-01-31 01:00:00,21670.848
2011-02-03 01:00:00,35919.075
2011-02-06 01:00:00,31946.1004716192
2011-02-09 01:00:00,58111.040613808
2011-02-12 01:00:00,24978.4888
2011-02-15 01:00:00,33518.2212
2011-02-18 01:00:00,45079.346010048
2011-02-21 01:00:00,17259.9228
2011-02-24 01:00:00,34667.770038528
2011-02-27 01:00:00,82776.9147239552
2011-03-02 01:00:00,163542.616968422
2011-03-05 01:00:00,31208.3646090186
2011-03-08 01:00:00,54794.4247013618
2011-03-11 01:00:00,63571.4485814842
2011-03-14 01:00:00,136059.169973991
2011-03-17 01:00:00,71784.4038977165
2011-03-20 01:00:00,40848.7307101824
2011-03-23 01:00:00,94301.9341869312
2011-03-26 01:00:00,112570.021186934
2011-03-29 01:00:00,46543.108356192
2011-04-01 01:00:00,40891.555531016
2011-04-04 00:00:00,72338.31754112
2011-04-07 00:00:00,48903.3846749925
2011-04-10 00:00:00,37017.8149318208
2011-04-13 00:00:00,65569.8699556128
2011-04-16 00:00:00,190077.515066737
2011-04-19 00:00:00,2136033.33162563
2011-04-22 00:00:00,143802.591016597
2011-04-25 00:00:00,88128.1714538231
2011-04-28 00:00:00,162973.607374544
2011-05-01 00:00:00,290363.061957194
2011-05-04 00:00:00,608822.71757527
2011-05-07 00:00:00,343592.061632376
2011-05-10 00:00:00,477192.633927963
2011-05-13 00:00:00,2165446.02479371
2011-05-16 00:00:00,1144066.6701694
2011-05-19 00:00:00,443972.4565012
2011-05-22 00:00:00,1673286.80762236
2011-05-25 00:00:00,490468.580801272
2011-05-28 00:00:00,412417.245462506
2011-05-31 00:00:00,664318.815737923
2011-06-03 00:00:00,1703030.01467965
2011-06-06 00:00:00,1991827.5993856
2011-06-09 00:00:00,4370227.64672276
2011-06-12 00:00:00,18153841.748203
2011-06-15 00:00:00,2727724.65333776
2011-06-18 00:00:00,1601727.55788995
2011-06-21 00:00:00,2024526.86355687
2011-06-24 00:00:00,1477353.33749956
2011-06-27 00:00:00,2220498.65949649
2011-06-30 00:00:00,1624680.15933342
2011-07-03 00:00:00,723908.225142588
2011-07-06 00:00:00,1160180.08797143
2011-07-09 00:00:00,783251.875949622
2011-07-12 00:00:00,819879.48524485
2011-07-15 00:00:00,653480.795209949
2011-07-18 00:00:00,2794117.77402732
2011-07-21 00:00:00,752848.212332908
2011-07-24 00:00:00,650251.67229485
2011-07-27 00:00:00,791093.717581378
2011-07-30 00:00:00,673707.231122994
2011-08-02 00:00:00,948805.806667089
2011-08-05 00:00:00,1332652.9188727
2011-08-08 00:00:00,1615819.07599116
2011-08-11 00:00:00,643738.345246823
2011-08-28 00:00:00,356899.143746344
2011-08-31 00:00:00,469359.782158526
2011-09-03 00:00:00,352914.835509761
2011-09-06 00:00:00,672957.432444304
2011-09-09 00:00:00,1025995.85315855
2011-09-12 00:00:00,659128.735268019
2011-09-15 00:00:00,470180.625358861
2011-09-18 00:00:00,293308.951666173
2011-09-21 00:00:00,766488.465352123
2011-09-24 00:00:00,337880.218153272
2011-09-27 00:00:00,463530.22837844
2011-09-30 00:00:00,302636.757167051
2011-10-03 01:00:00,305170.127794899
2011-10-06 01:00:00,719178.1770117
2011-10-09 01:00:00,321624.950390258
2011-10-12 01:00:00,289729.916742614
2011-10-15 01:00:00,289287.523977176
2011-10-18 01:00:00,316508.233112804
2011-10-21 01:00:00,245130.100223546
2011-10-24 01:00:00,408246.365240596
2011-10-27 01:00:00,220161.50290072
2011-10-30 01:00:00,218674.813371046
2011-11-02 01:00:00,453098.217741033
2011-11-05 01:00:00,314611.380298243
2011-11-08 01:00:00,508129.112298153
2011-11-11 01:00:00,366520.23470334
2011-11-14 01:00:00,516031.451714887
2011-11-17 01:00:00,8011693.71772681
2011-11-20 01:00:00,383029.880230905
2011-11-23 01:00:00,2756718.67321403
2011-11-26 01:00:00,439308.776337877
2011-11-29 01:00:00,7939371.76108426
2011-12-02 01:00:00,14698307.9784718
2011-12-05 01:00:00,8409840.66115524
2011-12-08 01:00:00,10515805.4790474
2011-12-11 01:00:00,943117.497473611
2011-12-14 01:00:00,476067.164832582
2011-12-17 01:00:00,469359.984071991
2011-12-20 01:00:00,897518.771558781
2011-12-23 01:00:00,448283.796461561
2011-12-26 01:00:00,497723.152344881
2011-12-29 01:00:00,572718.565504192
2012-01-01 01:00:00,1016109.60348159
2012-01-04 01:00:00,749546.240210008
2012-01-07 01:00:00,733406.227286602
2012-01-10 01:00:00,873346.299114045
2012-01-13 01:00:00,1229394.47891623
2012-01-16 01:00:00,1155826.01149403
2012-01-19 01:00:00,1260501.9360373
2012-01-22 01:00:00,466919.08515857
2012-01-25 01:00:00,1081231.15976596
2012-01-28 01:00:00,638920.961055081
2012-01-31 01:00:00,595116.324898326
2012-02-03 01:00:00,844182.256734416
2012-02-06 01:00:00,801919.106397907
2012-02-09 01:00:00,525363.000730939
2012-02-12 01:00:00,720424.348872986
2012-02-15 01:00:00,2530999.66385552
2012-02-18 01:00:00,624073.643272822
2012-02-21 01:00:00,584084.917376865
2012-02-24 01:00:00,976467.833778759
2012-02-27 01:00:00,609935.817464499
2012-03-01 01:00:00,1160954.76410335
2012-03-04 01:00:00,446400.491682323
2012-03-07 01:00:00,632043.024182883
2012-03-10 01:00:00,470192.94700191
2012-03-13 01:00:00,891087.238093244
2012-03-16 01:00:00,814140.252390682
2012-03-19 01:00:00,784159.394566203
2012-03-22 01:00:00,736604.536396074
2012-03-25 01:00:00,742724.673444083
2012-03-28 01:00:00,714431.027174953
2012-03-31 01:00:00,628402.16699802
2012-04-03 00:00:00,822665.200328098
2012-04-06 00:00:00,1031189.3862134
2012-04-09 00:00:00,1740391.61965584
2012-04-12 00:00:00,1188636.74998592
2012-04-15 00:00:00,502712.117054138
2012-04-18 00:00:00,1003656.12636387
2012-04-21 00:00:00,1064328.23087649
2012-04-24 00:00:00,903934.574809139
2012-04-27 00:00:00,868905.013322784
2012-04-30 00:00:00,709339.662700691
2012-05-03 00:00:00,858768.393890214
2012-05-06 00:00:00,1059550.33740738
2012-05-09 00:00:00,1441439.52890807
2012-05-12 00:00:00,933251.345870574
2012-05-15 00:00:00,1296107.01251562
2012-05-18 00:00:00,1128069.41849863
2012-05-21 00:00:00,1291879.29643989
2012-05-24 00:00:00,881995.39293022
2012-05-27 00:00:00,1113589.66758529
2012-05-30 00:00:00,1383851.47205582
2012-06-02 00:00:00,918787.816699308
2012-06-05 00:00:00,1408324.70372012
2012-06-08 00:00:00,1442372.15249667
2012-06-11 00:00:00,1344029.52731572
2012-06-14 00:00:00,1373122.5324064
2012-06-17 00:00:00,1543700.03879137
2012-06-20 00:00:00,2099456.75684594
2012-06-23 00:00:00,1043033.67324336
2012-06-26 00:00:00,2416260.76873621
2012-06-29 00:00:00,1200385.04814585
2012-07-02 00:00:00,1818012.11238643
2012-07-05 00:00:00,1490351.58041972
2012-07-08 00:00:00,1017366.12818041
2012-07-11 00:00:00,1681276.36159398
2012-07-14 00:00:00,2195416.32252747
2012-07-17 00:00:00,4218445.50073921
2012-07-20 00:00:00,2682261.31822111
2012-07-23 00:00:00,2473981.58837939
2012-07-26 00:00:00,2482655.25196392
2012-07-29 00:00:00,2331048.18180908
2012-08-01 00:00:00,3048987.68331347
2012-08-04 00:00:00,1958789.06998619
2012-08-07 00:00:00,2744918.61819045
2012-08-10 00:00:00,2697276.1588804
2012-08-13 00:00:00,3422235.08420338
2012-08-16 00:00:00,4159349.94686876
2012-08-19 00:00:00,13229698.7764277
2012-08-22 00:00:00,4701384.42910237
2012-08-25 00:00:00,2340296.84026876
2012-08-28 00:00:00,3064124.05097324
2012-08-31 00:00:00,5311728.57556571
2012-09-03 00:00:00,2093857.54180865
2012-09-06 00:00:00,3528845.29326258
2012-09-09 00:00:00,6187282.40692305
2012-09-12 00:00:00,3763888.14575047
2012-09-15 00:00:00,2875936.65976257
2012-09-18 00:00:00,3800480.68837892
2012-09-21 00:00:00,7679920.32765494
2012-09-24 00:00:00,4533834.31562086
2012-09-27 00:00:00,4124401.1123424
2012-09-30 00:00:00,3084757.70186329
2012-10-03 00:00:00,4154748.08066316
2012-10-06 00:00:00,2317835.17448837
2012-10-09 01:00:00,3354439.37070163
2012-10-12 01:00:00,3083356.53680376
2012-10-15 01:00:00,2965255.93695383
2012-10-18 01:00:00,3388915.94272883
2012-10-21 01:00:00,2918664.91885251
2012-10-24 01:00:00,4182431.05253092
2012-10-27 01:00:00,3325377.26860067
2012-10-30 01:00:00,5497632.31480953
2012-11-02 01:00:00,3608268.19356844
2012-11-05 01:00:00,3092646.6176246
2012-11-08 01:00:00,2682007.59398355
2012-11-11 01:00:00,1734088.43699466
2012-11-14 01:00:00,2066803.29496251
2012-11-17 01:00:00,3252624.59880557
2012-11-20 01:00:00,4122047.71326089
2012-11-23 01:00:00,2455812.90745843
2012-11-26 01:00:00,3091856.03170626
2012-11-29 01:00:00,3280644.80071522
2012-12-02 01:00:00,2429656.11223512
2012-12-05 01:00:00,4461527.1576959
2012-12-08 01:00:00,2779400.01785655
2012-12-11 01:00:00,4962399.59001582
2012-12-14 01:00:00,4228348.10063438
2012-12-17 01:00:00,3403130.02279033
2012-12-20 01:00:00,2788973.65052032
2012-12-23 01:00:00,2115116.6702367
2012-12-26 01:00:00,2984980.75564456
2012-12-29 01:00:00,2905456.82478324
2013-01-01 01:00:00,3147543.19672482
2013-01-04 01:00:00,4183737.86509981
2013-01-07 01:00:00,2813060.93821456
2013-01-10 01:00:00,4005278.27131982
2013-01-13 01:00:00,3068670.79301889
2013-01-16 01:00:00,4533463.48090826
2013-01-19 01:00:00,3205049.27080601
2013-01-22 01:00:00,6762169.56529049
2013-01-25 01:00:00,7889949.92646682
2013-01-28 01:00:00,7710023.53333102
2013-01-31 01:00:00,11146245.9218168
2013-02-03 01:00:00,5793496.25807252
2013-02-06 01:00:00,7796247.71179325
2013-02-09 01:00:00,5865202.84883505
2013-02-12 01:00:00,8826126.27578272
2013-02-15 01:00:00,8592939.38002208
2013-02-18 01:00:00,7646977.18344772
2013-02-21 01:00:00,8578368.87714701
2013-02-24 01:00:00,9869437.6081046
2013-02-27 01:00:00,8976214.84832343
2013-03-02 01:00:00,9160939.28028332
2013-03-05 01:00:00,11927470.1242744
2013-03-08 01:00:00,10922783.5643237
2013-03-11 01:00:00,10672432.3266598
2013-03-14 01:00:00,12870446.9068233
2013-03-17 01:00:00,7725178.08314769
2013-03-20 01:00:00,18591990.0768134
2013-03-23 01:00:00,17212923.9047035
2013-03-26 01:00:00,20391880.6267102
2013-03-29 01:00:00,27287140.4260621
2013-04-01 01:00:00,28568627.1052029
2013-04-04 01:00:00,39009663.9036864
2013-04-07 01:00:00,26995427.9670427
2013-04-10 00:00:00,138536986.03223
2013-04-13 00:00:00,28158775.7724955
2013-04-16 00:00:00,36897674.7879628
2013-04-19 00:00:00,26871098.7954289
2013-04-22 00:00:00,20874218.5591197
2013-04-25 00:00:00,46028218.1722704
2013-04-28 00:00:00,17955087.5594446
2013-05-01 00:00:00,41742164.0089215
2013-05-04 00:00:00,18759073.1537338
2013-05-07 00:00:00,49746762.5641563
2013-05-10 00:00:00,25122024.5341666
2013-05-13 00:00:00,37719731.5870739
2013-05-16 00:00:00,26500939.869221
2013-05-19 00:00:00,16608941.7792529
2013-05-22 00:00:00,19881349.3258152
2013-05-25 00:00:00,27941855.9728302
2013-05-28 00:00:00,26008344.7000929
2013-05-31 00:00:00,17736377.8752891
2013-06-03 00:00:00,34314504.4791956
2013-06-06 00:00:00,25643113.108673
2013-06-09 00:00:00,28246005.5408642
2013-06-12 00:00:00,20600672.5539862
2013-06-15 00:00:00,12809019.4247898
2013-06-18 00:00:00,17821512.1112672
2013-06-21 00:00:00,22223940.1986307
2013-06-24 00:00:00,20120327.2914897
2013-06-27 00:00:00,15700972.1653262
2013-06-30 00:00:00,11538317.4236195
2013-07-03 00:00:00,27872927.9470423
2013-07-06 00:00:00,15317565.9950894
2013-07-09 00:00:00,29408339.5856637
2013-07-12 00:00:00,25353409.4932243
2013-07-15 00:00:00,16719767.81624
2013-07-18 00:00:00,45562008.0600204
2013-07-21 00:00:00,14537429.8666669
2013-07-24 00:00:00,22809377.4421307
2013-07-27 00:00:00,12125392.5837381
2013-07-30 00:00:00,22946719.5135193
2013-08-02 00:00:00,20028291.0290872
2013-08-05 00:00:00,24632790.9102458
2013-08-08 00:00:00,19763768.0031229
2013-08-11 00:00:00,13620398.1380625
2013-08-14 00:00:00,26932215.90962
2013-08-17 00:00:00,11567741.5484903
2013-08-20 00:00:00,28188708.5650711
2013-08-23 00:00:00,19489988.3274431
2013-08-26 00:00:00,20764666.3627704
2013-08-29 00:00:00,27764452.1077764
2013-09-01 00:00:00,19979295.030136
2013-09-04 00:00:00,24239284.9222148
2013-09-07 00:00:00,13258661.1955041
2013-09-10 00:00:00,17038518.0838766
2013-09-13 00:00:00,17861321.1127965
2013-09-16 00:00:00,20658700.0661841
2013-09-19 00:00:00,30928857.3373019
2013-09-22 00:00:00,16575376.1797296
2013-09-25 00:00:00,26276165.7878833
2013-09-28 00:00:00,16802181.5372924
2013-10-01 00:00:00,39488055.1697284
2013-10-04 00:00:00,21042820.0912296
2013-10-07 01:00:00,25523267.7756868
2013-10-10 01:00:00,20037603.3193548
2013-10-13 01:00:00,20819731.6033765
2013-10-16 01:00:00,38495740.5125314
2013-10-19 01:00:00,35631204.0598879
2013-10-22 01:00:00,72280349.760419
2013-10-25 01:00:00,74562499.0692514
2013-10-28 01:00:00,25090013.2108811
2013-10-31 01:00:00,33743432.9669603
2013-11-03 01:00:00,28374024.7298096
2013-11-06 01:00:00,57841201.7507821
2013-11-09 01:00:00,91757980.4443055
2013-11-12 01:00:00,84782569.9762676
2013-11-15 01:00:00,109938389.965215
2013-11-18 01:00:00,174959547.688412
2013-11-21 01:00:00,170075479.965928
2013-11-24 01:00:00,188036653.918377
2013-11-27 01:00:00,321815418.429292
2013-11-30 01:00:00,227163323.710809
2013-12-03 01:00:00,215887486.067708
2013-12-06 01:00:00,284439322.070076
2013-12-09 01:00:00,116881958.480121
2013-12-12 01:00:00,98421124.8598265
2013-12-15 01:00:00,88826641.7159236
2013-12-18 01:00:00,282451158.275927
2013-12-21 01:00:00,178333334.432651
2013-12-24 01:00:00,205460463.078606
2013-12-27 01:00:00,85510204.9207541
2013-12-30 01:00:00,85541698.733302
2014-01-02 01:00:00,86309079.6242639
2014-01-05 01:00:00,172738310.788549
2014-01-08 01:00:00,112592820.953407
2014-01-11 01:00:00,100195801.737364
2014-01-14 01:00:00,105281039.94817
2014-01-17 01:00:00,72701457.820322
2014-01-20 01:00:00,98268960.5221318
2014-01-23 01:00:00,98429094.9792447
2014-01-26 01:00:00,78876091.1159599
2014-01-29 01:00:00,58745577.869114
2014-02-01 01:00:00,59910464.2817783
2014-02-04 01:00:00,103917131.554998
2014-02-07 01:00:00,120236380.55453
2014-02-10 01:00:00,107985243.608879
2014-02-13 01:00:00,70396510.7665475
2014-02-16 01:00:00,81237156.26263
2014-02-19 01:00:00,60748872.1892544
2014-02-22 01:00:00,57450119.8717939
2014-02-25 01:00:00,172490506.980704
2014-02-28 01:00:00,100891450.507951
2014-03-03 01:00:00,115850973.264965
2014-03-06 01:00:00,86461456.6820601
2014-03-09 01:00:00,249444382.944985
2014-03-12 01:00:00,244569233.387387
2014-03-15 01:00:00,130166783.343177
2014-03-18 01:00:00,65174551.6809735
2014-03-21 01:00:00,82398783.114913
2014-03-24 01:00:00,60197195.4604816
2014-03-27 01:00:00,114412570.06048
2014-03-30 01:00:00,52643399.4735775
2014-04-02 01:00:00,82018995.8618492
2014-04-05 01:00:00,63135739.3028964
2014-04-08 00:00:00,53185889.4949638
2014-04-11 00:00:00,70033319.3285708
2014-04-14 00:00:00,53651196.6200287
2014-04-17 00:00:00,68331434.5976434
2014-04-20 00:00:00,38121047.5289589
2014-04-23 00:00:00,70905664.8595681
2014-04-26 00:00:00,34464788.04494
2014-04-29 00:00:00,60780936.9861265
2014-05-02 00:00:00,47711118.3628041
2014-05-05 00:00:00,35339125.3497538
2014-05-08 00:00:00,43378112.4479435
2014-05-11 00:00:00,26386529.480672
2014-05-14 00:00:00,57822343.5978949
2014-05-17 00:00:00,25006216.0727361
2014-05-20 00:00:00,71346674.6278021
2014-05-23 00:00:00,73534768.8409876
2014-05-26 00:00:00,65562631.0415776
2014-05-29 00:00:00,47106045.4374686
2014-06-01 00:00:00,71009428.3102904
2014-06-04 00:00:00,78766326.9733077
2014-06-07 00:00:00,40993120.4470621
2014-06-10 00:00:00,108092776.376803
2014-06-13 00:00:00,64309203.8149249
2014-06-16 00:00:00,62982278.180436
2014-06-19 00:00:00,53770869.4811373
2014-06-22 00:00:00,35527766.1432133
2014-06-25 00:00:00,63293597.3712146
2014-06-28 00:00:00,36665604.3648494
2014-07-01 00:00:00,105403469.241652
2014-07-04 00:00:00,46501912.397888
2014-07-07 00:00:00,62174232.086383
2014-07-10 00:00:00,62297355.6355444
2014-07-13 00:00:00,46536648.6135664
2014-07-16 00:00:00,70244051.5135347
2014-07-19 00:00:00,57422018.9273641
2014-07-22 00:00:00,55386365.9309468
2014-07-25 00:00:00,46219939.8418827
2014-07-28 00:00:00,56122676.7735054
2014-07-31 00:00:00,52634315.3110293
2014-08-03 00:00:00,32919831.8134589
2014-08-06 00:00:00,68336741.3519858
2014-08-09 00:00:00,59808828.947551
2014-08-12 00:00:00,69276611.8060764
2014-08-15 00:00:00,76202505.7923246
2014-08-18 00:00:00,100738559.178476
2014-08-21 00:00:00,84522107.4358712
2014-08-24 00:00:00,29057714.2754075
2014-08-27 00:00:00,67757832.9475523
2014-08-30 00:00:00,31885454.5252513
2014-09-02 00:00:00,64277641.9777757
2014-09-05 00:00:00,53309885.1405317
2014-09-08 00:00:00,54168659.4099172
2014-09-11 00:00:00,55766860.2290054
2014-09-14 00:00:00,40822618.8586127
2014-09-17 00:00:00,57086561.2698479
2014-09-20 00:00:00,69769067.6690657
2014-09-23 00:00:00,62995661.6216471
2014-09-26 00:00:00,49136203.6570863
2014-09-29 00:00:00,67136042.446003
2014-10-02 00:00:00,48748431.4820063
2014-10-05 00:00:00,92477268.0892905
2014-10-08 01:00:00,69005745.9237773
2014-10-11 01:00:00,57514257.6353742
2014-10-14 01:00:00,90819557.1455253
2014-10-17 01:00:00,57282139.2237851
2014-10-20 01:00:00,52822876.420655
2014-10-23 01:00:00,60421634.4373758
2014-10-26 01:00:00,34138342.1590539
2014-10-29 01:00:00,58705637.4432356
2014-11-01 01:00:00,38414713.894721
2014-11-04 01:00:00,75568721.6549817
2014-11-07 01:00:00,67166981.0008896
2014-11-10 01:00:00,75892754.4129441
2014-11-13 01:00:00,164550489.878801
2014-11-16 01:00:00,69144909.8207874
2014-11-19 01:00:00,56520679.0931627
2014-11-22 01:00:00,43648690.5852043
2014-11-25 01:00:00,80180430.8946677
2014-11-28 01:00:00,178168183.033217
2014-12-01 01:00:00,69114701.3825262
2014-12-04 01:00:00,129521942.030419
2014-12-07 01:00:00,50400640.1772463
2014-12-10 01:00:00,61872404.25978
2014-12-13 01:00:00,54345483.0214937
2014-12-16 01:00:00,78077485.0511147
2014-12-19 01:00:00,62811446.476205
2014-12-22 01:00:00,75579226.8588385
2014-12-25 01:00:00,37320916.477945
2014-12-28 01:00:00,33052331.6499954
2014-12-31 01:00:00,55697823.5697453
2015-01-03 01:00:00,90356063.08853
2015-01-06 01:00:00,80774786.2919001
2015-01-09 01:00:00,68712674.598593
2015-01-12 01:00:00,56737334.7097411
2015-01-15 01:00:00,58065294.8677467
2015-01-18 01:00:00,36349253.1360839
2015-01-21 01:00:00,100940117.842297
2015-01-24 01:00:00,44650098.6455622
2015-01-27 01:00:00,82024077.4228138
2015-01-30 01:00:00,57632534.9175185
2015-02-02 01:00:00,41847115.8682386
2015-02-05 01:00:00,56217016.055574
2015-02-08 01:00:00,36242922.7961028
2015-02-11 01:00:00,45535581.4117355
2015-02-14 01:00:00,45738450.4799351
2015-02-17 01:00:00,44152334.6637976
2015-02-20 01:00:00,43621202.084472
2015-02-23 01:00:00,43288568.217363
2015-02-26 01:00:00,38170855.034908
2015-03-01 01:00:00,36199403.1268516
2015-03-04 01:00:00,70049095.5115633
2015-03-07 01:00:00,68923764.7515625
2015-03-10 01:00:00,87819544.9747574
2015-03-13 01:00:00,59802106.9269077
2015-03-16 01:00:00,46055269.4924462
2015-03-19 01:00:00,62846023.6401663
2015-03-22 01:00:00,27663184.4712081
2015-03-25 01:00:00,57231034.1827487
2015-03-28 01:00:00,31130323.963791
2015-03-31 01:00:00,50604196.9059626
2015-04-03 01:00:00,43313511.1191549
2015-04-06 00:00:00,39917547.2030759
2015-04-09 00:00:00,52157277.9282586
2015-04-12 00:00:00,25799044.9106307
2015-04-15 00:00:00,48182654.0690775
2015-04-18 00:00:00,35462749.626514
2015-04-21 00:00:00,49337103.7889044
2015-04-24 00:00:00,46963462.4005659
2015-04-27 00:00:00,61169650.6703084
2015-04-30 00:00:00,52747889.6751317
2015-05-03 00:00:00,40546247.8827113
2015-05-06 00:00:00,52255742.7906704
2015-05-09 00:00:00,37978488.5421761
2015-05-12 00:00:00,51885037.4865006
2015-05-15 00:00:00,45480048.4066938
2015-05-18 00:00:00,45892645.0747645
2015-05-21 00:00:00,42085816.6644364
2015-05-24 00:00:00,28578351.3492117
2015-05-27 00:00:00,51191313.6883922
2015-05-30 00:00:00,44900328.1318046
2015-06-02 00:00:00,57270911.4599404
2015-06-05 00:00:00,53499853.6065241
2015-06-08 00:00:00,59227078.9674461
2015-06-11 00:00:00,57681283.8927474
2015-06-14 00:00:00,46613584.2672207
2015-06-17 00:00:00,102860756.081282
2015-06-20 00:00:00,45009612.4808706
2015-06-23 00:00:00,55553592.9468954
2015-06-26 00:00:00,62482074.0303431
2015-06-29 00:00:00,70403431.6460673
2015-07-02 00:00:00,74021939.3829363
2015-07-05 00:00:00,84265970.246596
2015-07-08 00:00:00,73188126.0188642
2015-07-11 00:00:00,66906355.1911232
2015-07-14 00:00:00,69699575.5230552
2015-07-17 00:00:00,68372780.0203088
2015-07-20 00:00:00,56607639.4441101
2015-07-23 00:00:00,57351034.1334135
2015-07-26 00:00:00,41154292.4221804
2015-07-29 00:00:00,72096185.5168937
2015-08-01 00:00:00,53873056.5162016
2015-08-04 00:00:00,68759302.955495
2015-08-07 00:00:00,60380400.5903396
2015-08-10 00:00:00,72494674.4156681
2015-08-13 00:00:00,81950602.1486464
2015-08-16 00:00:00,64156782.5224129
2015-08-19 00:00:00,91348202.351751
2015-08-22 00:00:00,63032265.1440629
2015-08-25 00:00:00,99028180.1550448
2015-08-28 00:00:00,81628861.211412
2015-08-31 00:00:00,76347922.7260106
2015-09-03 00:00:00,62874506.9484245
2015-09-06 00:00:00,66001039.5037544
2015-09-09 00:00:00,80109777.2716076
2015-09-12 00:00:00,35117509.7603435
2015-09-15 00:00:00,62572926.7326678
2015-09-18 00:00:00,77052107.6594763
2015-09-21 00:00:00,85241860.0396714
2015-09-24 00:00:00,66941501.4969483
2015-09-27 00:00:00,39099840.0866747
2015-09-30 00:00:00,80758529.9265131
2015-10-03 00:00:00,43710065.4072659
2015-10-06 01:00:00,79600730.0934913
2015-10-09 01:00:00,70986637.546174
2015-10-12 01:00:00,70768804.6564846
2015-10-15 01:00:00,91736630.8896147
2015-10-18 01:00:00,58642858.089851
2015-10-21 01:00:00,92986825.5626516
2015-10-24 01:00:00,78646253.75084
2015-10-27 01:00:00,124088899.060244
2015-10-30 01:00:00,185467981.040206
2015-11-02 01:00:00,194458794.324194
2015-11-05 01:00:00,307027755.787379
2015-11-08 01:00:00,118761182.916495
2015-11-11 01:00:00,201259788.12576
2015-11-14 01:00:00,166607155.685867
2015-11-17 01:00:00,160944153.504274
2015-11-20 01:00:00,131609165.710544
2015-11-23 01:00:00,98852080.6826669
2015-11-26 01:00:00,163103068.187816
2015-11-29 01:00:00,91203289.8804505
2015-12-02 01:00:00,189009359.111918
2015-12-05 01:00:00,231420658.526088
2015-12-08 01:00:00,202885544.784706
2015-12-11 01:00:00,215352465.447992
2015-12-14 01:00:00,215383338.30188
2015-12-17 01:00:00,196474766.11752
2015-12-20 01:00:00,165566082.177757
2015-12-23 01:00:00,197602586.817445
2015-12-26 01:00:00,177346523.612944
2015-12-29 01:00:00,115867945.462499
2016-01-01 01:00:00,58346264.6538702
2016-01-04 01:00:00,96276570.1913359
2016-01-07 01:00:00,162207621.394275
2016-01-10 01:00:00,94073291.3816097
2016-01-13 01:00:00,136318196.489126
2016-01-16 01:00:00,109411304.340177
2016-01-19 01:00:00,95862424.5752563
2016-01-22 01:00:00,134482253.931663
2016-01-25 01:00:00,191305654.019256
2016-01-28 01:00:00,142471030.875658
2016-01-31 01:00:00,103665933.111343
2016-02-03 01:00:00,115764017.96601
2016-02-06 01:00:00,116944573.366285
2016-02-09 01:00:00,124816846.664347
2016-02-12 01:00:00,124601290.486344
2016-02-15 01:00:00,176794468.588432
2016-02-18 01:00:00,163499274.485133
2016-02-21 01:00:00,155130149.064769
2016-02-24 01:00:00,166459833.649415
2016-02-27 01:00:00,159716131.267112
2016-03-01 01:00:00,280786700.504114
2016-03-04 01:00:00,177618220.523574
2016-03-07 01:00:00,145282392.78699
2016-03-10 01:00:00,139316581.780296
2016-03-13 01:00:00,88371198.5967914
2016-03-16 01:00:00,123888279.520397
2016-03-19 01:00:00,86792272.3163921
2016-03-22 01:00:00,132592024.246167
2016-03-25 01:00:00,134672579.091353
2016-03-28 01:00:00,140252685.928324
2016-03-31 01:00:00,140898124.328616
2016-04-03 01:00:00,88435716.0739488
2016-04-06 00:00:00,159685598.931054
2016-04-09 00:00:00,104520518.007936
2016-04-12 00:00:00,156860496.804597
2016-04-15 00:00:00,136158701.120764
2016-04-18 00:00:00,116994110.42223
2016-04-21 00:00:00,154376605.429112
2016-04-24 00:00:00,103550332.548332
2016-04-27 00:00:00,168934334.779151
2016-04-30 00:00:00,92579744.1214576
2016-05-03 00:00:00,128092229.867241
2016-05-06 00:00:00,150035773.319432
2016-05-09 00:00:00,138794017.510208
2016-05-12 00:00:00,149854665.866916
2016-05-15 00:00:00,99104765.0213349
2016-05-18 00:00:00,159373784.448942
2016-05-21 00:00:00,105043285.909485
2016-05-24 00:00:00,147794302.053499
2016-05-27 00:00:00,300392313.16427
2016-05-30 00:00:00,241119804.228294
2016-06-02 00:00:00,194112539.742197
2016-06-05 00:00:00,141793764.106445
2016-06-08 00:00:00,180814927.1302
2016-06-11 00:00:00,162244835.709132
2016-06-14 00:00:00,256120540.898319
2016-06-17 00:00:00,313165865.407592
2016-06-20 00:00:00,237206784.336225
2016-06-23 00:00:00,284618179.196952
2016-06-26 00:00:00,150791051.867233
2016-06-29 00:00:00,206884074.071743
2016-07-02 00:00:00,169929673.904514
2016-07-05 00:00:00,205876443.302665
2016-07-08 00:00:00,190072668.311984
2016-07-11 00:00:00,168883000.517706
2016-07-14 00:00:00,162291972.803481
2016-07-17 00:00:00,160525091.73713
2016-07-20 00:00:00,170220921.866371
2016-07-23 00:00:00,115059449.184302
2016-07-26 00:00:00,176818808.322219
2016-07-29 00:00:00,155222292.486318
2016-08-01 00:00:00,179607831.910275
2016-08-04 00:00:00,206097159.659288
2016-08-07 00:00:00,153369941.983342
2016-08-10 00:00:00,174758412.072643
2016-08-13 00:00:00,107861817.666152
2016-08-16 00:00:00,180903207.515641
2016-08-19 00:00:00,163856272.461502
2016-08-22 00:00:00,144303111.47118
2016-08-25 00:00:00,143380501.255004
2016-08-28 00:00:00,81677102.5935288
2016-08-31 00:00:00,157138022.669795
2016-09-03 00:00:00,102592239.860787
2016-09-06 00:00:00,136578787.591771
2016-09-09 00:00:00,147264804.281444
2016-09-12 00:00:00,133648709.657427
2016-09-15 00:00:00,122887826.653529
2016-09-18 00:00:00,100458543.643945
2016-09-21 00:00:00,132006186.045231
2016-09-24 00:00:00,102277846.976838
2016-09-27 00:00:00,145940667.050968
2016-09-30 00:00:00,151697973.208666
2016-10-03 01:00:00,152745154.983948
2016-10-06 01:00:00,151565507.710158
2016-10-09 01:00:00,119547253.301373
2016-10-12 01:00:00,199143900.069083
2016-10-15 01:00:00,129491942.695046
2016-10-18 01:00:00,215694366.552112
2016-10-21 01:00:00,156669875.507655
2016-10-24 01:00:00,161693433.731515
2016-10-27 01:00:00,258545483.966802
2016-10-30 01:00:00,131602246.519822
2016-11-02 01:00:00,164356161.509587
2016-11-05 01:00:00,120288462.083288
2016-11-08 01:00:00,207694374.685563
2016-11-11 01:00:00,156396615.431267
2016-11-14 01:00:00,167411486.834791
2016-11-17 01:00:00,254155219.470792
2016-11-20 01:00:00,128952148.560894
2016-11-23 01:00:00,206486727.870907
2016-11-26 01:00:00,182382884.916916
2016-11-29 01:00:00,222587581.749958
2016-12-02 01:00:00,228141076.849329
2016-12-05 01:00:00,198703655.634775
2016-12-08 01:00:00,233884533.88058
2016-12-11 01:00:00,125059695.222629
2016-12-14 01:00:00,206398743.80016
2016-12-17 01:00:00,183418677.608644
2016-12-20 01:00:00,243951480.369348
2016-12-23 01:00:00,388045841.232592
2016-12-26 01:00:00,243945751.84128
2016-12-29 01:00:00,315507313.829108
2017-01-01 01:00:00,166788994.438506
2017-01-04 01:00:00,433678086.930274
2017-01-07 01:00:00,295587982.400845
2017-01-10 01:00:00,287618545.510897
2017-01-13 01:00:00,246890176.531767
2017-01-16 01:00:00,208260163.869729
2017-01-19 01:00:00,232438071.962038
2017-01-22 01:00:00,210313964.544514
2017-01-25 01:00:00,266770577.731972
2017-01-28 01:00:00,112142903.966695
2017-01-31 01:00:00,223566247.35351
2017-02-03 01:00:00,267577532.235832
2017-02-06 01:00:00,218963129.707101
2017-02-09 01:00:00,377801460.068728
2017-02-12 01:00:00,116966457.119016
2017-02-15 01:00:00,202429312.98124
2017-02-18 01:00:00,179904049.623422
2017-02-21 01:00:00,235255122.879217
2017-02-24 01:00:00,369319167.07207
2017-02-27 01:00:00,262053158.425805
2017-03-02 01:00:00,431801396.598851
2017-03-05 01:00:00,218660855.895447
2017-03-08 01:00:00,315179702.137921
2017-03-11 01:00:00,243728155.220018
2017-03-14 01:00:00,347466704.53874
2017-03-17 01:00:00,552676695.368399
2017-03-20 01:00:00,301488144.209954
2017-03-23 01:00:00,312768150.521022
2017-03-26 01:00:00,234975161.590919
2017-03-29 01:00:00,270264531.240309
2017-04-01 01:00:00,275732331.549016
2017-04-04 00:00:00,348486729.241388
2017-04-07 00:00:00,411459319.524365
2017-04-10 00:00:00,276975890.505248
2017-04-13 00:00:00,296565393.518839
2017-04-16 00:00:00,248893303.715128
2017-04-19 00:00:00,305279308.340359
2017-04-22 00:00:00,220730616.638858
2017-04-25 00:00:00,393127864.708434
2017-04-28 00:00:00,423281308.506147
2017-05-01 00:00:00,446976193.582856
2017-05-04 00:00:00,635339356.026632
2017-05-07 00:00:00,442601453.184986
2017-05-10 00:00:00,743762053.06786
2017-05-13 00:00:00,426951909.091612
2017-05-16 00:00:00,594333395.307832
2017-05-19 00:00:00,845185438.857744
2017-05-22 00:00:00,920544425.97211
2017-05-25 00:00:00,1318459470.59989
2017-05-28 00:00:00,528810229.383807
2017-05-31 00:00:00,840617433.492568
2017-06-03 00:00:00,828539265.381656
2017-06-06 00:00:00,888558904.123181
2017-06-09 00:00:00,685475617.745
2017-06-12 00:00:00,891415561.221529
2017-06-15 00:00:00,704179683.271891
2017-06-18 00:00:00,531175986.631959
2017-06-21 00:00:00,835467130.108463
2017-06-24 00:00:00,433119966.233253
2017-06-27 00:00:00,687790878.577049
2017-06-30 00:00:00,771010449.218829
2017-07-03 00:00:00,590179543.656499
2017-07-06 00:00:00,536928215.088525
2017-07-09 00:00:00,714533490.943618
2017-07-12 00:00:00,557154714.150382
2017-07-15 00:00:00,459530087.737274
2017-07-18 00:00:00,612361551.304947
2017-07-21 00:00:00,703181494.386552
2017-07-24 00:00:00,568575160.453683
2017-07-27 00:00:00,849185180.945369
2017-07-30 00:00:00,1157398139.86185
2017-08-02 00:00:00,1424505879.24285
2017-08-05 00:00:00,979154079.251385
2017-08-08 00:00:00,1230025637.35308
2017-08-11 00:00:00,985601487.693678
2017-08-14 00:00:00,866674915.893119
2017-08-17 00:00:00,1362840510.69978
2017-08-20 00:00:00,758991072.40884
2017-08-23 00:00:00,1053263975.41305
2017-08-26 00:00:00,687934750.253782
2017-08-29 00:00:00,1113343542.50353
2017-09-01 00:00:00,1220477319.81695
2017-09-04 00:00:00,1452488599.68739
2017-09-07 00:00:00,1250684680.98455
2017-09-10 00:00:00,849737599.424126
2017-09-13 00:00:00,1001341343.71237
2017-09-16 00:00:00,755451379.92034
2017-09-19 00:00:00,869566641.158497
2017-09-22 00:00:00,720084890.797891
2017-09-25 00:00:00,992813616.585088
2017-09-28 00:00:00,846414368.613928
2017-10-01 00:00:00,495152833.454326
2017-10-04 01:00:00,611184779.702613
2017-10-07 01:00:00,552496903.66649
2017-10-10 01:00:00,1189113919.87786
2017-10-13 01:00:00,1477309948.05088
2017-10-16 01:00:00,1148993979.04203
2017-10-19 01:00:00,1435812894.93232
2017-10-22 01:00:00,996113498.470227
2017-10-25 01:00:00,2093083247.85009
2017-10-28 01:00:00,645357529.902608
2017-10-31 01:00:00,1557216921.88694
2017-11-03 01:00:00,1685749159.21425
2017-11-06 01:00:00,1629540869.12293
2017-11-09 01:00:00,2366841243.84241
2017-11-12 01:00:00,1946782857.0861
2017-11-15 01:00:00,2274507065.39276
2017-11-18 01:00:00,1967731645.24613
2017-11-21 01:00:00,2632881286.5975
2017-11-24 01:00:00,2685926757.31595
2017-11-27 01:00:00,3382462034.24211
2017-11-30 01:00:00,3446153829.33153
2017-12-03 01:00:00,2065023836.1632
2017-12-06 01:00:00,3394252519.10379
2017-12-09 01:00:00,3943426403.66603
2017-12-12 01:00:00,5729890455.48235
2017-12-15 01:00:00,4219284344.1263
2017-12-18 01:00:00,4869203329.46846
2017-12-21 01:00:00,3765982142.63797
2017-12-24 01:00:00,2531170728.06185
2017-12-27 01:00:00,4777859401.98801
2017-12-30 01:00:00,3922944907.4099
2018-01-02 01:00:00,3339191213.7855
2018-01-05 01:00:00,4736424942.20902
2018-01-08 01:00:00,4095843401.55246
2018-01-11 01:00:00,3733633619.45572
2018-01-14 01:00:00,2648247577.87206
2018-01-17 01:00:00,2919536905.70861
2018-01-20 01:00:00,2591920373.50638
2018-01-23 01:00:00,1903407628.40967
2018-01-26 01:00:00,2828780181.62246
2018-01-29 01:00:00,1802719595.8518
2018-02-01 01:00:00,2614260637.5456
2018-02-04 01:00:00,1685654407.52098
2018-02-07 01:00:00,1651883624.31755
2018-02-10 01:00:00,1017797853.82348
2018-02-13 01:00:00,1266134857.40392
2018-02-16 01:00:00,1066535211.87328
2018-02-19 01:00:00,1250363981.08978
2018-02-22 01:00:00,2569053251.11412
2018-02-25 01:00:00,735383768.774946
2018-02-28 01:00:00,2141873922.79825
2018-03-03 01:00:00,1044510356.00801
2018-03-06 01:00:00,1313036217.13425
2018-03-09 01:00:00,1845969389.06628
2018-03-12 01:00:00,1128481461.10965
2018-03-15 01:00:00,1197812277.26368
2018-03-18 01:00:00,817452712.514831
2018-03-21 01:00:00,1045367812.30046
2018-03-24 01:00:00,623816401.961253
2018-03-27 01:00:00,947745397.417293
2018-03-30 01:00:00,1222424226.86149
2018-04-02 00:00:00,768333587.034114
2018-04-05 00:00:00,757321484.524495
2018-04-08 00:00:00,563967121.149313
2018-04-11 00:00:00,944639313.553063
2018-04-14 00:00:00,516931824.839407
2018-04-17 00:00:00,933802321.600287
2018-04-20 00:00:00,1105686984.46496
2018-04-23 00:00:00,1170233453.21339
2018-04-26 00:00:00,1356669104.25048
2018-04-29 00:00:00,1043832708.35065
2018-05-02 00:00:00,1356043112.32921
2018-05-05 00:00:00,1032424172.16879
2018-05-08 00:00:00,1305599529.85642
2018-05-11 00:00:00,1308283132.78675
2018-05-14 00:00:00,1877479922.51764
2018-05-17 00:00:00,1986371307.18684
2018-05-20 00:00:00,505408446.545892
2018-05-23 00:00:00,1070131558.32802
2018-05-26 00:00:00,433358755.892997
2018-05-29 00:00:00,902651076.805139
2018-06-01 00:00:00,860640929.266263
2018-06-04 00:00:00,781951697.703179
2018-06-07 00:00:00,802888675.612286
2018-06-10 00:00:00,682579730.014871
2018-06-13 00:00:00,1043117695.00437
2018-06-16 00:00:00,393367359.714171
2018-06-19 00:00:00,717193233.877687
2018-06-22 00:00:00,877986505.482454
2018-06-25 00:00:00,683034898.67434
2018-06-28 00:00:00,717809351.700124
2018-07-01 00:00:00,994143368.502515
2018-07-04 00:00:00,662808206.668387
2018-07-07 00:00:00,370270464.469499
2018-07-10 00:00:00,840599276.598201
2018-07-13 00:00:00,674548450.327427
2018-07-16 00:00:00,747886516.022028
2018-07-19 00:00:00,993456134.043958
2018-07-22 00:00:00,395927691.401284
2018-07-25 00:00:00,1009352100.9677
2018-07-28 00:00:00,516574795.872905
2018-07-31 00:00:00,916151854.706209
2018-08-03 00:00:00,926100823.345805
2018-08-06 00:00:00,732204363.485113
2018-08-09 00:00:00,939755086.265862
2018-08-12 00:00:00,333729799.273728
2018-08-15 00:00:00,891860903.410449
2018-08-18 00:00:00,375616573.760664
2018-08-21 00:00:00,872997532.530483
2018-08-24 00:00:00,660537345.458553
2018-08-27 00:00:00,788251385.708113
2018-08-30 00:00:00,798481940.583074
2018-09-02 00:00:00,446514389.352451
2018-09-05 00:00:00,945103849.443573
2018-09-08 00:00:00,364549896.733295
2018-09-11 00:00:00,741261462.953143
2018-09-14 00:00:00,739529758.061071
2018-09-17 00:00:00,572850819.087677
2018-09-20 00:00:00,682414738.538983
2018-09-23 00:00:00,335911295.135385
2018-09-26 00:00:00,753603397.081026
2018-09-29 00:00:00,463385867.587157
2018-10-02 00:00:00,826082619.396765
2018-10-05 00:00:00,627109174.216566
2018-10-08 01:00:00,629275555.877636
2018-10-11 01:00:00,887230191.302002
2018-10-14 01:00:00,398408927.243372
2018-10-17 01:00:00,727254416.70506
2018-10-20 01:00:00,688806312.502373
2018-10-23 01:00:00,726527353.625848
2018-10-26 01:00:00,744611642.283238
2018-10-29 01:00:00,894864910.143942
2018-11-01 01:00:00,806286748.991908
2018-11-04 01:00:00,525975032.809028
2018-11-07 01:00:00,854471221.93819
2018-11-10 01:00:00,384259934.959002
2018-11-13 01:00:00,807686927.071364
2018-11-16 01:00:00,1082196428.0914
2018-11-19 01:00:00,1021796905.51698
2018-11-22 01:00:00,662090854.575515
2018-11-25 01:00:00,618633300.615613
2018-11-28 01:00:00,807058144.18961
2018-12-01 01:00:00,689975479.91139
2018-12-04 01:00:00,2465252204.48521
2018-12-07 01:00:00,751100109.531282
2018-12-10 01:00:00,526990901.514102
2018-12-13 01:00:00,597302476.971246
2018-12-16 01:00:00,315066374.369889
2018-12-19 01:00:00,893184813.801197
2018-12-22 01:00:00,303876048.573279
2018-12-25 01:00:00,403843192.833081
2018-12-28 01:00:00,626362020.822387
2018-12-31 01:00:00,476003087.181449
2019-01-03 01:00:00,586335098.627541
2019-01-06 01:00:00,295057199.362848
2019-01-09 01:00:00,630379615.777342
2019-01-12 01:00:00,270915665.310548
2019-01-15 01:00:00,1270645847.43182
2019-01-18 01:00:00,449808595.91667
2019-01-21 01:00:00,488189514.450034
2019-01-24 01:00:00,477934358.136481
2019-01-27 01:00:00,223512708.830142
2019-01-30 01:00:00,737418316.862737
2019-02-02 01:00:00,315786229.87276
2019-02-05 01:00:00,414929550.42717
2019-02-08 01:00:00,552614639.038452
2019-02-11 01:00:00,512333681.418858
2019-02-14 01:00:00,465606911.488956
2019-02-17 01:00:00,237971659.056432
2019-02-20 01:00:00,696700438.735942
2019-02-23 01:00:00,489507893.012273
2019-02-26 01:00:00,592375975.327037
2019-03-01 01:00:00,536410480.46392
2019-03-04 01:00:00,510664925.146437
2019-03-07 01:00:00,598136964.047837
2019-03-10 01:00:00,289475543.963133
2019-03-13 01:00:00,632556077.344
2019-03-16 01:00:00,360840832.093826
2019-03-19 01:00:00,609610214.504111
2019-03-22 01:00:00,528282764.480713
2019-03-25 01:00:00,596522167.552637
2019-03-28 01:00:00,625086884.886481
2019-03-31 01:00:00,421441500.798735
2019-04-03 01:00:00,1183522596.2499
2019-04-06 01:00:00,426663923.548921
2019-04-09 00:00:00,877070582.095037
2019-04-12 00:00:00,693684833.346474
2019-04-15 00:00:00,804147839.205968
2019-04-18 00:00:00,694249179.155019
2019-04-21 00:00:00,360713964.469088
2019-04-24 00:00:00,1576941009.18347
2019-04-27 00:00:00,442516045.090871
2019-04-30 00:00:00,841828231.12052
2019-05-03 00:00:00,858064130.790705
2019-05-06 00:00:00,769428196.684081
2019-05-09 00:00:00,1251747786.99949
2019-05-12 00:00:00,1047479224.06264
2019-05-15 00:00:00,1595050697.09695
2019-05-18 00:00:00,688963903.658277
2019-05-21 00:00:00,1011724990.89294
2019-05-24 00:00:00,1291010564.0933
2019-05-27 00:00:00,1318870008.46283
2019-05-30 00:00:00,1307364485.98112
2019-06-02 00:00:00,661260854.072411
2019-06-05 00:00:00,2554143447.31926
2019-06-08 00:00:00,537539563.516134
2019-06-11 00:00:00,1596486462.48794
2019-06-14 00:00:00,1268348918.472
2019-06-17 00:00:00,2950935222.42847
2019-06-20 00:00:00,1190905553.64237
2019-06-23 00:00:00,1181274913.1325
2019-06-26 00:00:00,2930019255.94771
2019-06-29 00:00:00,1357452935.74732
2019-07-02 00:00:00,1813299811.70937
2019-07-05 00:00:00,1176057042.74459
2019-07-08 00:00:00,2099126797.96369
2019-07-11 00:00:00,1909308953.10433
2019-07-14 00:00:00,880311916.429513
2019-07-17 00:00:00,1898295641.75235
2019-07-20 00:00:00,835319633.831489
2019-07-23 00:00:00,946331234.643111
2019-07-26 00:00:00,993970297.737923
2019-07-29 00:00:00,4112257571.27222
2019-08-01 00:00:00,1063515472.58285
2019-08-04 00:00:00,584301307.017416
2019-08-07 00:00:00,1528500615.47788
2019-08-10 00:00:00,796863848.442387
2019-08-13 00:00:00,1666494659.99051
2019-08-16 00:00:00,1077642458.52809
2019-08-19 00:00:00,1023246904.67013
2019-08-22 00:00:00,951158027.834026
2019-08-25 00:00:00,576624098.058777
2019-08-28 00:00:00,1050824062.27406
2019-08-31 00:00:00,536730722.744341
2019-09-03 00:00:00,1484070470.30013
2019-09-06 00:00:00,2785938242.47131
2019-09-09 00:00:00,1233969516.75112
2019-09-12 00:00:00,1811962087.02676
2019-09-15 00:00:00,465077107.456492
2019-09-18 00:00:00,1899700648.3467
2019-09-21 00:00:00,1297619718.14635
2019-09-24 00:00:00,3139283339.2161
2019-09-27 00:00:00,1158429641.01496
2019-09-30 00:00:00,1032865548.01648
2019-10-03 00:00:00,941153423.813483
2019-10-06 00:00:00,437929223.289477
2019-10-09 01:00:00,1063632108.53833
2019-10-12 01:00:00,434035291.224281
2019-10-15 01:00:00,933447813.563032
2019-10-18 01:00:00,1046146449.48076
2019-10-21 01:00:00,949795298.925235
2019-10-24 01:00:00,984320293.086673
2019-10-27 01:00:00,721778043.423887
2019-10-30 01:00:00,933497841.255334
2019-11-02 01:00:00,736867493.36135
2019-11-05 01:00:00,2769186824.13713
2019-11-08 01:00:00,1458241138.12778
2019-11-11 01:00:00,718863061.19166
2019-11-14 01:00:00,946450282.515701
2019-11-17 01:00:00,342818350.321039
2019-11-20 01:00:00,870969121.524629
2019-11-23 01:00:00,1151153475.67428
2019-11-26 01:00:00,1179814702.24228
2019-11-29 01:00:00,1078007992.31578
2019-12-02 01:00:00,904057314.823355
2019-12-05 01:00:00,829793365.229581
2019-12-08 01:00:00,307899861.771098
2019-12-11 01:00:00,960237277.26307
2019-12-14 01:00:00,455496983.970829
2019-12-17 01:00:00,1699726138.74945
2019-12-20 01:00:00,1192218774.49197
2019-12-23 01:00:00,1144871677.88131
2019-12-26 01:00:00,783721256.337016
2019-12-29 01:00:00,381265550.855148
2020-01-01 01:00:00,278141981.965149
2020-01-04 01:00:00,623052159.06369
2020-01-07 01:00:00,1122651351.86172
2020-01-10 01:00:00,1280612805.31253
2020-01-13 01:00:00,881745942.082351
2020-01-16 01:00:00,1325748763.69605
2020-01-19 01:00:00,604108398.922501
2020-01-22 01:00:00,1252987750.19963
2020-01-25 01:00:00,372513968.74356
2020-01-28 01:00:00,1052472169.00964
2020-01-31 01:00:00,2215319754.1268
2020-02-03 01:00:00,3506998581.29517
2020-02-06 01:00:00,3323586288.2882
2020-02-09 01:00:00,744577606.607648
2020-02-12 01:00:00,1870288291.39479
2020-02-15 01:00:00,1109593958.57004
2020-02-18 01:00:00,1513418378.62798
2020-02-21 01:00:00,1133722528.69818
2020-02-24 01:00:00,1060129347.02799
2020-02-27 01:00:00,2025910515.26091
2020-03-01 01:00:00,549446378.675048
2020-03-04 01:00:00,1344613313.04405
2020-03-07 01:00:00,714006122.12699
2020-03-10 01:00:00,1642231325.0775
2020-03-13 01:00:00,2755019578.84146
2020-03-16 01:00:00,1829202302.65315
2020-03-19 01:00:00,1203126598.80139
2020-03-22 01:00:00,707671399.167601
2020-03-25 01:00:00,939872246.666284
2020-03-28 01:00:00,606386218.694661
2020-03-31 01:00:00,1183183832.53956
2020-04-03 01:00:00,996027773.773442
2020-04-06 00:00:00,1903887715.82672
2020-04-09 00:00:00,2311484767.99329
2020-04-12 00:00:00,408486669.553085
2020-04-15 00:00:00,1009167505.32317
2020-04-18 00:00:00,519833202.144473
2020-04-21 00:00:00,1086827836.50855
2020-04-24 00:00:00,1901237345.55861
2020-04-27 00:00:00,1244890678.78536
2020-04-30 00:00:00,2685333576.87795
2020-05-03 00:00:00,798356910.646175
2020-05-06 00:00:00,1639157502.58385
2020-05-09 00:00:00,1891310409.07318
2020-05-12 00:00:00,1902634189.74064
2020-05-15 00:00:00,1570409119.92827
2020-05-18 00:00:00,1522447447.77392
2020-05-21 00:00:00,1827598465.30696
2020-05-24 00:00:00,981745455.338841
2020-05-27 00:00:00,1653961345.48304
2020-05-30 00:00:00,726174719.659483
2020-06-02 00:00:00,2689299632.09421
2020-06-05 00:00:00,1798108013.43404
2020-06-08 00:00:00,1476953360.63616
2020-06-11 00:00:00,2319865799.72096
2020-06-14 00:00:00,459031700.888373
2020-06-17 00:00:00,1698265606.83664
2020-06-20 00:00:00,580481419.614336
2020-06-23 00:00:00,2158044283.7941
2020-06-26 00:00:00,1982165061.32764
2020-06-29 00:00:00,1094780887.00755
2020-07-02 00:00:00,1329290846.49266
2020-07-05 00:00:00,511532010.235418
2020-07-08 00:00:00,1582500913.17443
2020-07-11 00:00:00,576572385.558404
2020-07-14 00:00:00,1245429103.12721
2020-07-17 00:00:00,1100985768.81717
2020-07-20 00:00:00,1056788376.71222
2020-07-23 00:00:00,1733033896.10933
2020-07-26 00:00:00,1009262428.00711
2020-07-29 00:00:00,2066537370.29674
2020-08-01 00:00:00,1282524246.37756
2020-08-04 00:00:00,1514661048.79905
2020-08-07 00:00:00,1897594213.63528
2020-08-10 00:00:00,2038494057.068
2020-08-13 00:00:00,1705063980.69705
2020-08-16 00:00:00,923018319.347379
2020-08-19 00:00:00,1951302613.8825393
2020-08-22 00:00:00,947590518.3606329
2020-08-25 00:00:00,1571905464.0375934
2020-08-28 00:00:00,2013696414.016841
2020-08-31 00:00:00,2351032934.550586
2020-09-03 00:00:00,2195667067.2480316
2020-09-06 00:00:00,942632672.8111798
2020-09-09 00:00:00,1479239533.7312331
2020-09-12 00:00:00,855809354.7957093
2020-09-15 00:00:00,1675152816.8943894
2020-09-18 00:00:00,1937356456.84136
2020-09-21 00:00:00,1618550493.708504
2020-09-24 00:00:00,2038281713.5185595
2020-09-27 00:00:00,789919236.0190964
2020-09-30 00:00:00,1561125507.1341772
2020-10-03 00:00:00,846455550.5192969
2020-10-06 01:00:00,1385299160.190378
2020-10-09 01:00:00,2052602359.6675017
2020-10-12 01:00:00,1519550414.7656412
2020-10-15 01:00:00,1656087273.91197
2020-10-18 01:00:00,564810368.5227593
2020-10-21 01:00:00,2381891958.1275086
2020-10-24 01:00:00,1019815578.520192
2020-10-27 01:00:00,1916977068.721834
2020-10-30 01:00:00,1893674939.1413562
2020-11-02 01:00:00,1715336327.8298092
2020-11-05 01:00:00,5149644713.046795
2020-11-08 01:00:00,1123463511.0622897
2020-11-11 01:00:00,2715135370.028515
2020-11-14 01:00:00,1356685552.9036057
2020-11-17 01:00:00,3117390382.4550147
2020-11-20 01:00:00,4202034216.731514
2020-11-23 01:00:00,2703213540.7977214
2020-11-26 01:00:00,3560329146.149023
2020-11-29 01:00:00,1353406964.7056353
2020-12-02 01:00:00,2983704874.188316
2020-12-05 01:00:00,1245963842.4548998
2020-12-08 01:00:00,3771844232.261542
2020-12-11 01:00:00,2913875514.564554
2020-12-14 01:00:00,2685900125.77615
2020-12-17 01:00:00,5540206537.115145
2020-12-20 01:00:00,2436345570.703207
2020-12-23 01:00:00,6427851084.363599
2020-12-26 01:00:00,2615234142.573132
2020-12-29 01:00:00,5504342175.362542
2021-01-01 01:00:00,4343208402.410698
2021-01-04 01:00:00,7503147813.225784
2021-01-07 01:00:00,9896769612.735806
2021-01-10 01:00:00,4278195465.100052
2021-01-13 01:00:00,5277220346.7589445
2021-01-16 01:00:00,2570302174.9651437
2021-01-19 01:00:00,7509307340.108117
2021-01-22 01:00:00,5354605407.599176
2021-01-25 01:00:00,3905630182.601754
2021-01-28 01:00:00,4988231552.939995
2021-01-31 01:00:00,3119627987.413366
2021-02-03 01:00:00,4985868433.536457
2021-02-06 01:00:00,4577756277.630126
2021-02-09 01:00:00,10834628125.018213
2021-02-12 01:00:00,7811431839.715774
2021-02-15 01:00:00,5028594620.989651
2021-02-18 01:00:00,8027247241.935083
2021-02-21 01:00:00,7839947832.124444
2021-02-24 01:00:00,9123958043.345936
2021-02-27 01:00:00,3416482976.250144
2021-03-02 01:00:00,6707252970.14486
2021-03-05 01:00:00,8571816585.961295
2021-03-08 01:00:00,6455368739.454128
2021-03-11 01:00:00,7815260934.970914
2021-03-14 01:00:00,5914693356.069364
2021-03-17 01:00:00,6410069887.531584
2021-03-20 01:00:00,3378908922.8126254
2021-03-23 01:00:00,7567504956.543793
2021-03-26 01:00:00,7494637392.191981
2021-03-29 01:00:00,6604751298.088798
2021-04-01 01:00:00,6961929171.789202
2021-04-04 01:00:00,3007013909.974989
2021-04-07 00:00:00,6422300909.583367
2021-04-10 00:00:00,6092856977.739401
2021-04-13 00:00:00,9364020483.020603
2021-04-16 00:00:00,7918735254.1182995
2021-04-19 00:00:00,7003954975.952247
2021-04-22 00:00:00,8500130355.892971
2021-04-25 00:00:00,5690337431.31398
2021-04-28 00:00:00,5400170407.9552355
2021-05-01 00:00:00,3347043374.8694096
2021-05-04 00:00:00,7698193443.310121
2021-05-07 00:00:00,9703541846.825617
2021-05-10 00:00:00,8099530690.219605
2021-05-13 00:00:00,11355681895.517153
2021-05-16 00:00:00,5725518842.773768
2021-05-19 00:00:00,14642615897.19912
2021-05-22 00:00:00,5042562364.379068
2021-05-25 00:00:00,6201345379.021109
2021-05-28 00:00:00,5453824455.071646
2021-05-31 00:00:00,3294970505.355651
2021-06-03 00:00:00,4080204482.2136693
2021-06-06 00:00:00,1550993266.2225916
2021-06-09 00:00:00,4061991299.6894774
2021-06-12 00:00:00,2153678028.595535
2021-06-15 00:00:00,4080041045.1731434
2021-06-18 00:00:00,5151710129.431004
2021-06-21 00:00:00,4751842584.489068
2021-06-24 00:00:00,3876348202.4309297
2021-06-27 00:00:00,2112213965.6302857
2021-06-30 00:00:00,3725912659.9057236
2021-07-03 00:00:00,1526282960.7179453
2021-07-06 00:00:00,2346543660.266684
2021-07-09 00:00:00,2552942232.963585
2021-07-12 00:00:00,3530030646.398229
2021-07-15 00:00:00,3546057522.319202
2021-07-18 00:00:00,1052594971.1817188
2021-07-21 00:00:00,3408086708.7529273
2021-07-24 00:00:00,1689884089.6329966
2021-07-27 00:00:00,7345558779.508659
2021-07-30 00:00:00,3645326210.342276
2021-08-02 00:00:00,3383600749.1596594
2021-08-05 00:00:00,3189301462.820454
2021-08-08 00:00:00,2863365745.2230344
2021-08-11 00:00:00,5806136771.043135
2021-08-14 00:00:00,3157295026.044922
2021-08-17 00:00:00,2915373923.378095
2021-08-20 00:00:00,5683508929.504638
2021-08-23 00:00:00,5800342005.268154
2021-08-26 00:00:00,5354725344.593736
2021-08-29 00:00:00,1649218799.6469216