Timestamp,transactions-per-second
2016-06-11 00:00:00,1.98333333333333
2016-06-12 06:30:00,2.18333333333333
2016-06-13 13:00:00,2.7
2016-06-14 19:30:00,3.1
2016-06-16 02:00:00,2.48333333333333
2016-06-17 08:30:00,2.31666666666667
2016-06-18 15:00:00,3
2016-06-19 21:30:00,2.23333333333333
2016-06-21 04:00:00,2.55
2016-06-22 10:30:00,3.5
2016-06-23 17:00:00,2.48333333333333
2016-06-24 23:30:00,2.11666666666667
2016-06-26 06:00:00,1.73333333333333
2016-06-27 12:30:00,2.86666666666667
2016-06-28 19:00:00,2.5
2016-06-30 01:30:00,2.2
2016-07-01 08:00:00,2.45
2016-07-02 14:30:00,2.53333333333333
2016-07-03 21:00:00,2.05
2016-07-05 03:30:00,1.93333333333333
2016-07-06 10:00:00,2.1
2016-07-07 16:30:00,2.73333333333333
2016-07-08 23:00:00,1.61666666666667
2016-07-10 05:30:00,1.7
2016-07-11 12:00:00,2.83333333333333
2016-07-12 18:30:00,2.81666666666667
2016-07-14 01:00:00,2.11666666666667
2016-07-15 07:30:00,1.98333333333333
2016-07-16 14:00:00,2.36666666666667
2016-07-17 20:30:00,1.66666666666667
2016-07-19 03:00:00,2.41666666666667
2016-07-20 09:30:00,2.5
2016-07-21 16:00:00,3.03333333333333
2016-07-22 22:30:00,2.26666666666667
2016-07-24 05:00:00,1.7
2016-07-25 11:30:00,2.75
2016-07-26 18:00:00,3.1
2016-07-28 00:30:00,2.15
2016-07-29 07:00:00,2.18333333333333
2016-07-30 13:30:00,2.45
2016-07-31 20:00:00,2
2016-08-02 02:30:00,2.46666666666667
2016-08-03 09:00:00,2.95
2016-08-04 15:30:00,4.2
2016-08-05 22:00:00,2.23333333333333
2016-08-07 04:30:00,1.88333333333333
2016-08-08 11:00:00,2.51666666666667
2016-08-09 17:30:00,2.83333333333333
2016-08-11 00:00:00,2.08333333333333
2016-08-12 06:30:00,2.33333333333333
2016-08-13 13:00:00,2.26666666666667
2016-08-14 19:30:00,2.53333333333333
2016-08-16 02:00:00,2.03333333333333
2016-08-17 08:30:00,2.3
2016-08-18 15:00:00,4.08333333333333
2016-08-19 21:30:00,2.15
2016-08-21 04:00:00,1.95
2016-08-22 10:30:00,2.68333333333333
2016-08-23 17:00:00,3.2
2016-08-24 23:30:00,2
2016-08-26 06:00:00,2.38333333333333
2016-08-27 12:30:00,2.23333333333333
2016-08-28 19:00:00,1.96666666666667
2016-08-30 01:30:00,2.38333333333333
2016-08-31 08:00:00,2.53333333333333
2016-09-01 14:30:00,3.36666666666667
2016-09-02 21:15:00,2.16666666666667
2016-09-04 03:45:00,1.86666666666667
2016-09-05 10:15:00,2.18333333333333
2016-09-06 16:45:00,3.03333333333333
2016-09-07 23:15:00,2.05
2016-09-09 05:45:00,1.86666666666667
2016-09-10 12:15:00,1.81666666666667
2016-09-11 18:45:00,2.11666666666667
2016-09-13 01:15:00,1.93333333333333
2016-09-14 07:45:00,2.15
2016-09-15 14:15:00,3.16666666666667
2016-09-16 20:45:00,3.31666666666667
2016-09-18 03:15:00,1.68333333333333
2016-09-19 09:45:00,2.6
2016-09-20 16:15:00,3.61666666666667
2016-09-21 22:45:00,2.45
2016-09-23 05:15:00,1.73333333333333
2016-09-24 11:45:00,2.05
2016-09-25 18:15:00,2.85
2016-09-27 00:45:00,1.98333333333333
2016-09-28 07:15:00,2.26666666666667
2016-09-29 13:45:00,3.45
2016-09-30 20:15:00,2.93333333333333
2016-10-02 03:45:00,2
2016-10-03 10:15:00,2.78333333333333
2016-10-04 16:45:00,3.51666666666667
2016-10-05 23:15:00,2.83333333333333
2016-10-07 05:45:00,2.45
2016-10-08 12:15:00,2.75
2016-10-09 18:45:00,2.65
2016-10-11 01:15:00,2.5
2016-10-12 07:45:00,2.2
2016-10-13 14:15:00,3.2
2016-10-14 20:45:00,2.76666666666667
2016-10-16 03:15:00,1.8
2016-10-17 09:45:00,2.63333333333333
2016-10-18 16:15:00,3.21666666666667
2016-10-19 22:45:00,2.06666666666667
2016-10-21 05:15:00,2.45
2016-10-22 11:45:00,2.3
2016-10-23 18:15:00,2.23333333333333
2016-10-25 00:45:00,1.98333333333333
2016-10-26 07:15:00,1.2
2016-10-27 13:45:00,3.25
2016-10-28 20:15:00,2.93333333333333
2016-10-30 02:45:00,2.33333333333333
2016-10-31 09:15:00,2.18333333333333
2016-11-01 15:45:00,3.38333333333333
2016-11-02 22:15:00,3.1
2016-11-04 04:45:00,2.26666666666667
2016-11-05 11:15:00,2.61666666666667
2016-11-06 17:45:00,2.95
2016-11-08 00:15:00,2.88333333333333
2016-11-09 06:45:00,2.96666666666667
2016-11-10 13:15:00,3.66666666666667
2016-11-11 19:45:00,2.95
2016-11-13 02:15:00,1.91666666666667
2016-11-14 08:45:00,2.91666666666667
2016-11-15 15:15:00,3.78333333333333
2016-11-16 21:45:00,3.76666666666667
2016-11-18 04:15:00,2.53333333333333
2016-11-19 10:45:00,2.85
2016-11-20 17:15:00,3.53333333333333
2016-11-21 23:45:00,3.18333333333333
2016-11-23 06:15:00,2.75
2016-11-24 12:45:00,3.28333333333333
2016-11-25 19:15:00,3.5
2016-11-27 01:45:00,2.51666666666667
2016-11-28 08:15:00,3.16666666666667
2016-11-29 14:45:00,3.85
2016-11-30 21:15:00,3.36666666666667
2016-12-02 03:45:00,2.53333333333333
2016-12-03 10:15:00,2.96666666666667
2016-12-04 16:45:00,3.25
2016-12-05 23:15:00,3.13333333333333
2016-12-07 05:45:00,2.45
2016-12-08 12:15:00,3.9
2016-12-09 18:45:00,3.51666666666667
2016-12-11 01:15:00,2.55
2016-12-12 07:45:00,2.41666666666667
2016-12-13 14:15:00,3.58333333333333
2016-12-14 20:45:00,4.35
2016-12-16 03:15:00,2.4
2016-12-17 09:45:00,2.51666666666667
2016-12-18 16:15:00,3.15
2016-12-19 22:45:00,3.58333333333333
2016-12-21 05:15:00,3.18333333333333
2016-12-22 11:45:00,3.56666666666667
2016-12-23 18:15:00,3.26666666666667
2016-12-25 00:45:00,2
2016-12-26 07:15:00,2.26666666666667
2016-12-27 13:45:00,4.26666666666667
2016-12-28 20:15:00,3.7
2016-12-30 02:45:00,2.61666666666667
2016-12-31 09:15:00,3.1
2017-01-01 15:45:00,2.6
2017-01-02 22:15:00,3.4
2017-01-04 04:45:00,3.15
2017-01-05 11:15:00,4.16666666666667
2017-01-06 17:45:00,4.35
2017-01-08 00:15:00,2.71666666666667
2017-01-09 06:45:00,2.55
2017-01-10 13:15:00,3.81666666666667
2017-01-11 19:45:00,3.25
2017-01-13 02:15:00,2.83333333333333
2017-01-14 08:45:00,2.2
2017-01-15 15:15:00,2.95
2017-01-16 21:45:00,3.38333333333333
2017-01-18 04:15:00,2.6
2017-01-19 10:45:00,3.36666666666667
2017-01-20 17:15:00,4.1
2017-01-21 23:45:00,2.68333333333333
2017-01-23 06:15:00,2.26666666666667
2017-01-24 12:45:00,3.73333333333333
2017-01-25 19:15:00,3.75
2017-01-27 01:45:00,2.83333333333333
2017-01-28 08:15:00,2.21666666666667
2017-01-29 14:45:00,3.15
2017-01-30 21:15:00,2.91666666666667
2017-02-01 03:45:00,4.05
2017-02-02 10:15:00,3.85
2017-02-03 16:45:00,3.81666666666667
2017-02-04 23:15:00,2.88333333333333
2017-02-06 05:45:00,2.5
2017-02-07 12:15:00,2.76666666666667
2017-02-08 18:45:00,3.65
2017-02-10 01:15:00,3.21666666666667
2017-02-11 07:45:00,2.63333333333333
2017-02-12 14:15:00,3.08333333333333
2017-02-13 20:45:00,3.55
2017-02-15 03:15:00,2.78333333333333
2017-02-16 09:45:00,3.53333333333333
2017-02-17 16:15:00,4.3
2017-02-18 22:45:00,2.23333333333333
2017-02-20 05:15:00,2.4
2017-02-21 11:45:00,3.58333333333333
2017-02-22 18:15:00,3.35
2017-02-24 00:45:00,2.86666666666667
2017-02-25 07:15:00,2.65
2017-02-26 13:45:00,4.25
2017-02-27 20:15:00,3.86666666666667
2017-03-01 02:45:00,2.95
2017-03-02 09:15:00,3.28333333333333
2017-03-03 15:45:00,3.91666666666667
2017-03-04 22:15:00,3.15
2017-03-06 04:45:00,2.58333333333333
2017-03-07 11:15:00,3.5
2017-03-08 17:45:00,3.96666666666667
2017-03-10 00:15:00,3.25
2017-03-11 06:45:00,2.41666666666667
2017-03-12 13:15:00,2.5
2017-03-13 19:45:00,3.91666666666667
2017-03-15 02:15:00,3.01666666666667
2017-03-16 08:45:00,2.91666666666667
2017-03-17 15:15:00,3.85
2017-03-18 21:45:00,3.48333333333333
2017-03-20 04:15:00,2.21666666666667
2017-03-21 10:45:00,3.28333333333333
2017-03-22 17:15:00,3.53333333333333
2017-03-23 23:45:00,3.43333333333333
2017-03-25 06:15:00,2.46666666666667
2017-03-26 12:45:00,2.15
2017-03-27 19:15:00,2.7
2017-03-29 01:45:00,2.76666666666667
2017-03-30 08:15:00,2.6
2017-03-31 14:45:00,3.56666666666667
2017-04-01 21:15:00,3.13333333333333
2017-04-03 02:45:00,2.73333333333333
2017-04-04 09:15:00,3.01666666666667
2017-04-05 15:45:00,3.56666666666667
2017-04-06 22:15:00,3.45
2017-04-08 04:45:00,2.2
2017-04-09 11:15:00,2.16666666666667
2017-04-10 17:45:00,3.68333333333333
2017-04-12 00:15:00,2.7
2017-04-13 06:45:00,2.85
2017-04-14 13:15:00,3.15
2017-04-15 19:45:00,2.86666666666667
2017-04-17 02:15:00,2.21666666666667
2017-04-18 08:45:00,3.56666666666667
2017-04-19 15:15:00,3.93333333333333
2017-04-20 21:45:00,3.75
2017-04-22 04:15:00,2.23333333333333
2017-04-23 10:45:00,2.13333333333333
2017-04-24 17:15:00,3.36666666666667
2017-04-25 23:45:00,3.3
2017-04-27 06:15:00,3.08333333333333
2017-04-28 12:45:00,3.63333333333333
2017-04-29 19:15:00,3.66666666666667
2017-05-01 01:45:00,2.76666666666667
2017-05-02 08:15:00,3
2017-05-03 14:45:00,4.75
2017-05-04 21:15:00,4.51666666666667
2017-05-06 03:45:00,2.38333333333333
2017-05-07 10:15:00,2.95
2017-05-08 16:45:00,6.11666666666667
2017-05-09 23:15:00,3.78333333333333
2017-05-11 05:45:00,3.16666666666667
2017-05-12 12:15:00,3.18333333333333
2017-05-13 19:00:00,3.05
2017-05-15 01:30:00,3.05
2017-05-16 08:00:00,2.31666666666667
2017-05-17 14:30:00,2.83333333333333
2017-05-18 21:00:00,3.06666666666667
2017-05-20 03:30:00,2.16666666666667
2017-05-21 10:00:00,2.65
2017-05-22 16:30:00,3.61666666666667
2017-05-23 23:00:00,3.4
2017-05-25 05:30:00,3.2
2017-05-26 12:00:00,2.8
2017-05-27 18:30:00,3.08333333333333
2017-05-29 01:00:00,2.46666666666667
2017-05-30 07:30:00,2.9
2017-05-31 14:00:00,3.8
2017-06-01 20:30:00,3.38333333333333
2017-06-03 03:00:00,3.51666666666667
2017-06-04 09:30:00,2.66666666666667
2017-06-05 16:00:00,4.38333333333333
2017-06-06 22:30:00,3.28333333333333
2017-06-08 05:00:00,2.7
2017-06-09 11:30:00,2.93333333333333
2017-06-10 18:00:00,3.38333333333333
2017-06-12 00:30:00,2.01666666666667
2017-06-13 07:00:00,2.6
2017-06-14 13:30:00,3.66666666666667
2017-06-15 20:00:00,3.91666666666667
2017-06-17 02:30:00,2.51666666666667
2017-06-18 09:00:00,2.03333333333333
2017-06-19 15:30:00,3.25
2017-06-20 22:00:00,3.26666666666667
2017-06-22 04:30:00,2.46666666666667
2017-06-23 11:00:00,2.76666666666667
2017-06-24 17:30:00,2.81666666666667
2017-06-26 00:15:00,2.28333333333333
2017-06-27 06:45:00,2.58333333333333
2017-06-28 13:15:00,3.18333333333333
2017-06-29 19:45:00,2.78333333333333
2017-07-01 02:15:00,2.08333333333333
2017-07-02 08:45:00,2.98333333333333
2017-07-03 15:15:00,3.63333333333333
2017-07-04 21:45:00,2.85
2017-07-06 04:15:00,2.4
2017-07-07 10:45:00,2.85
2017-07-08 17:15:00,2.76666666666667
2017-07-09 23:45:00,2.11666666666667
2017-07-11 06:15:00,2.31666666666667
2017-07-12 12:45:00,3
2017-07-13 19:15:00,2.58333333333333
2017-07-15 01:45:00,2.25
2017-07-16 08:15:00,2.15
2017-07-17 14:45:00,2.83333333333333
2017-07-18 21:15:00,3.45
2017-07-20 03:45:00,2.1
2017-07-21 10:15:00,2.56666666666667
2017-07-22 16:45:00,3.23333333333333
2017-07-23 23:15:00,1.63333333333333
2017-07-25 05:45:00,1.78333333333333
2017-07-26 12:15:00,3.2
2017-07-27 18:45:00,2.45
2017-07-29 01:15:00,1.98333333333333
2017-07-30 07:45:00,1.66666666666667
2017-07-31 14:15:00,2.58333333333333
2017-08-01 20:45:00,1.8
2017-08-03 03:15:00,1.85
2017-08-04 09:45:00,2.76666666666667
2017-08-05 16:15:00,3.15
2017-08-06 22:45:00,2.4
2017-08-08 05:15:00,2.7
2017-08-09 11:45:00,3.25
2017-08-10 18:15:00,3.11666666666667
2017-08-12 00:45:00,2.58333333333333
2017-08-13 07:15:00,2.96666666666667
2017-08-14 13:45:00,4
2017-08-15 20:15:00,3.33333333333333
2017-08-17 02:45:00,2.93333333333333
2017-08-18 09:15:00,2.8
2017-08-19 15:45:00,3.7
2017-08-20 22:15:00,2.38333333333333
2017-08-22 04:45:00,2.11666666666667
2017-08-23 11:15:00,3.05
2017-08-24 17:45:00,2.95
2017-08-26 00:15:00,1.41666666666667
2017-08-27 06:45:00,1.78333333333333
2017-08-28 13:15:00,3.18333333333333
2017-08-29 19:45:00,2.95
2017-08-31 02:15:00,2.75
2017-09-01 08:45:00,2.88333333333333
2017-09-02 15:15:00,3.46666666666667
2017-09-03 21:45:00,2.31666666666667
2017-09-05 04:15:00,2.43333333333333
2017-09-06 10:45:00,3.16666666666667
2017-09-07 17:15:00,3.35
2017-09-08 23:45:00,2.46666666666667
2017-09-10 06:15:00,1.93333333333333
2017-09-11 12:45:00,3.35
2017-09-12 19:15:00,3.68333333333333
2017-09-14 01:45:00,2.43333333333333
2017-09-15 08:15:00,3.31666666666667
2017-09-16 14:45:00,2.93333333333333
2017-09-17 21:15:00,2.03333333333333
2017-09-19 03:45:00,2.1
2017-09-20 10:15:00,2.45
2017-09-21 16:45:00,4.43333333333333
2017-09-22 23:15:00,2.2
2017-09-24 05:45:00,1.48333333333333
2017-09-25 12:15:00,3.5
2017-09-26 18:45:00,3.18333333333333
2017-09-28 01:15:00,2.88333333333333
2017-09-29 10:00:00,2.63333333333333
2017-09-30 16:30:00,3.35
2017-10-02 00:00:00,2.31666666666667
2017-10-03 06:30:00,2.33333333333333
2017-10-04 13:00:00,3.05
2017-10-05 19:30:00,2.61666666666667
2017-10-07 02:00:00,1.71666666666667
2017-10-08 08:30:00,2.05
2017-10-09 15:00:00,3.81666666666667
2017-10-10 21:30:00,2.75
2017-10-12 04:00:00,2.58333333333333
2017-10-13 10:30:00,3.33333333333333
2017-10-14 17:00:00,3.9
2017-10-15 23:30:00,2.5
2017-10-17 06:00:00,3.25
2017-10-18 12:30:00,5.18333333333333
2017-10-19 19:00:00,4.73333333333333
2017-10-21 01:30:00,2.68333333333333
2017-10-22 08:00:00,2.56666666666667
2017-10-23 14:30:00,5.01666666666667
2017-10-24 21:00:00,3.95
2017-10-27 00:45:00,2.13333333333333
2017-10-28 07:15:00,1.91666666666667
2017-10-29 13:45:00,2.91666666666667
2017-10-30 20:15:00,3.98333333333333
2017-11-01 02:45:00,2.73333333333333
2017-11-02 09:15:00,3.43333333333333
2017-11-03 15:45:00,4.05
2017-11-04 22:15:00,3.26666666666667
2017-11-06 04:45:00,2.71666666666667
2017-11-07 11:15:00,3.18333333333333
2017-11-08 17:45:00,4.36666666666667
2017-11-10 00:15:00,3.75
2017-11-11 06:45:00,1.93333333333333
2017-11-12 13:15:00,1.08333333333333
2017-11-13 19:45:00,3.31666666666667
2017-11-15 02:15:00,2.13333333333333
2017-11-16 08:45:00,2.65
2017-11-17 15:15:00,3.95
2017-11-18 21:45:00,2.36666666666667
2017-11-20 04:15:00,2.28333333333333
2017-11-21 10:45:00,3.51666666666667
2017-11-22 17:15:00,3.46666666666667
2017-11-23 23:45:00,5.86666666666667
2017-11-25 06:15:00,2.38333333333333
2017-11-26 12:45:00,3.95
2017-11-27 19:15:00,5.06666666666667
2017-11-29 01:45:00,3.73333333333333
2017-11-30 08:15:00,3.46666666666667
2017-12-01 14:45:00,5.18333333333333
2017-12-02 21:15:00,4.15
2017-12-04 03:45:00,3.23333333333333
2017-12-05 10:15:00,3.63333333333333
2017-12-06 16:45:00,6.33333333333333
2017-12-08 00:15:00,3.71666666666667
2017-12-09 06:45:00,3.11666666666667
2017-12-10 13:15:00,3.15
2017-12-11 19:45:00,4.96666666666667
2017-12-13 02:15:00,3
2017-12-14 08:45:00,4.41666666666667
2017-12-15 15:15:00,5.15
2017-12-16 21:45:00,2.95
2017-12-18 04:15:00,3.51666666666667
2017-12-19 10:45:00,4.48333333333333
2017-12-20 17:15:00,4.6
2017-12-21 23:45:00,6
2017-12-23 06:15:00,2.31666666666667
2017-12-24 12:45:00,2.08333333333333
2017-12-25 19:15:00,3.9
2017-12-27 01:45:00,1.83333333333333
2017-12-28 08:15:00,2.85
2017-12-29 14:45:00,4.46666666666667
2017-12-30 21:15:00,3.91666666666667
2018-01-01 03:45:00,2.18333333333333
2018-01-02 10:15:00,3.18333333333333
2018-01-03 16:45:00,3.43333333333333
2018-01-04 23:15:00,5.76666666666667
2018-01-06 05:45:00,2.43333333333333
2018-01-07 12:15:00,3.2
2018-01-08 18:45:00,4.76666666666667
2018-01-10 01:15:00,4.21666666666667
2018-01-11 07:45:00,3.23333333333333
2018-01-12 14:15:00,4.03333333333333
2018-01-13 20:45:00,3.21666666666667
2018-01-15 03:15:00,2.25
2018-01-16 09:45:00,3.7
2018-01-17 16:15:00,4.83333333333333
2018-01-18 22:45:00,5.96666666666667
2018-01-20 05:15:00,2.21666666666667
2018-01-21 11:45:00,1.83333333333333
2018-01-22 18:15:00,3.3
2018-01-24 01:00:00,1.6
2018-01-25 07:30:00,2.4
2018-01-26 14:00:00,2.86666666666667
2018-01-27 20:30:00,2.51666666666667
2018-01-29 03:00:00,2.1
2018-01-30 09:30:00,2.26666666666667
2018-01-31 16:00:00,3
2018-02-01 22:30:00,2.96666666666667
2018-02-03 05:00:00,1.4
2018-02-04 11:30:00,1.6
2018-02-05 18:00:00,2.8
2018-02-07 00:30:00,2.33333333333333
2018-02-08 07:00:00,1.83333333333333
2018-02-09 13:30:00,2.18333333333333
2018-02-10 20:00:00,2.2
2018-02-12 02:30:00,1.53333333333333
2018-02-13 09:00:00,2.15
2018-02-14 17:45:00,2.85
2018-02-16 00:15:00,2.1
2018-02-17 06:45:00,1.36666666666667
2018-02-18 13:15:00,1.46666666666667
2018-02-19 19:45:00,2.6
2018-02-21 02:15:00,2.28333333333333
2018-02-22 08:45:00,1.88333333333333
2018-02-23 15:15:00,2.51666666666667
2018-02-24 21:45:00,2.06666666666667
2018-02-26 04:15:00,1.55
2018-02-27 10:45:00,2.65
2018-02-28 17:15:00,2.78333333333333
2018-03-01 23:45:00,1.81666666666667
2018-03-03 06:15:00,1.7
2018-03-04 12:45:00,1.53333333333333
2018-03-05 19:15:00,2.96666666666667
2018-03-07 01:45:00,2.06666666666667
2018-03-08 08:15:00,1.98333333333333
2018-03-09 14:45:00,2.31666666666667
2018-03-10 21:15:00,1.91666666666667
2018-03-12 03:45:00,1.68333333333333
2018-03-13 10:15:00,2.16666666666667
2018-03-14 16:45:00,2.65
2018-03-15 23:15:00,2.26666666666667
2018-03-17 05:45:00,1.35
2018-03-18 12:15:00,1.78333333333333
2018-03-19 18:45:00,2.33333333333333
2018-03-21 01:15:00,1.98333333333333
2018-03-22 07:45:00,1.66666666666667
2018-03-23 14:15:00,2.23333333333333
2018-03-24 20:45:00,1.88333333333333
2018-03-26 03:15:00,1.53333333333333
2018-03-27 09:45:00,1.81666666666667
2018-03-28 16:15:00,2.48333333333333
2018-03-29 22:45:00,2.4
2018-03-31 05:15:00,1.08333333333333
2018-04-01 10:45:00,1.46666666666667
2018-04-02 17:15:00,2.3
2018-04-03 23:45:00,1.73333333333333
2018-04-05 06:15:00,1.55
2018-04-06 12:45:00,2.08333333333333
2018-04-07 19:15:00,1.75
2018-04-09 01:45:00,1.56666666666667
2018-04-10 08:15:00,1.95
2018-04-11 14:45:00,2.7
2018-04-12 21:15:00,2.58333333333333
2018-04-14 03:45:00,1.45
2018-04-15 10:15:00,1.78333333333333
2018-04-16 16:45:00,2.66666666666667
2018-04-17 23:15:00,2
2018-04-19 05:45:00,1.91666666666667
2018-04-20 12:15:00,3.18333333333333
2018-04-21 18:45:00,2.23333333333333
2018-04-23 01:15:00,1.73333333333333
2018-04-24 07:45:00,2.93333333333333
2018-04-25 14:15:00,2.8
2018-04-26 20:45:00,2.2
2018-04-28 03:15:00,2.03333333333333
2018-04-29 09:45:00,1.85
2018-04-30 16:15:00,3.23333333333333
2018-05-01 22:45:00,2.03333333333333
2018-05-03 05:15:00,2.05
2018-05-04 11:45:00,2.66666666666667
2018-05-05 18:15:00,2.55
2018-05-07 00:45:00,1.7
2018-05-08 07:15:00,2.45
2018-05-09 13:45:00,2.68333333333333
2018-05-10 20:15:00,2.38333333333333
2018-05-12 02:45:00,1.58333333333333
2018-05-13 09:15:00,1.76666666666667
2018-05-14 15:45:00,3.83333333333333
2018-05-15 22:15:00,2.16666666666667
2018-05-17 04:45:00,1.65
2018-05-18 11:15:00,2.41666666666667
2018-05-19 17:45:00,2.33333333333333
2018-05-21 00:15:00,1.65
2018-05-22 06:45:00,1.96666666666667
2018-05-23 13:15:00,2.91666666666667
2018-05-24 19:45:00,2.68333333333333
2018-05-26 02:15:00,1.51666666666667
2018-05-27 08:45:00,1.43333333333333
2018-05-28 15:15:00,3.21666666666667
2018-05-29 21:45:00,2.35
2018-05-31 04:15:00,1.3
2018-06-01 10:45:00,2.36666666666667
2018-06-02 17:15:00,2.66666666666667
2018-06-03 23:45:00,1.76666666666667
2018-06-05 06:15:00,2.01666666666667
2018-06-06 12:45:00,2.88333333333333
2018-06-07 19:15:00,2.73333333333333
2018-06-09 01:45:00,1.65
2018-06-10 08:15:00,1.85
2018-06-11 14:45:00,2.2
2018-06-12 21:15:00,1.7
2018-06-14 03:45:00,2.01666666666667
2018-06-15 10:15:00,2.28333333333333
2018-06-16 16:45:00,2.2
2018-06-17 23:15:00,1.33333333333333
2018-06-19 05:45:00,1.88333333333333
2018-06-20 12:15:00,2.33333333333333
2018-06-21 18:45:00,2.63333333333333
2018-06-23 01:15:00,1.81666666666667
2018-06-24 07:45:00,1.8
2018-06-25 14:15:00,3
2018-06-26 20:45:00,2.26666666666667
2018-06-28 03:15:00,1.88333333333333
2018-06-29 09:45:00,2.18333333333333
2018-06-30 16:15:00,2.58333333333333
2018-07-01 22:45:00,1.53333333333333
2018-07-03 05:15:00,1.65
2018-07-04 11:45:00,2.5
2018-07-05 18:15:00,2.41666666666667
2018-07-07 00:45:00,1.76666666666667
2018-07-08 07:15:00,1.33333333333333
2018-07-09 13:45:00,2.78333333333333
2018-07-10 20:15:00,2.63333333333333
2018-07-12 02:45:00,1.7
2018-07-13 09:15:00,2.38333333333333
2018-07-14 15:45:00,2.56666666666667
2018-07-15 22:15:00,1.48333333333333
2018-07-17 04:45:00,1.98333333333333
2018-07-18 11:15:00,2.76666666666667
2018-07-19 17:45:00,3.13333333333333
2018-07-21 00:15:00,1.75
2018-07-22 06:45:00,1.43333333333333
2018-07-23 13:15:00,3.15
2018-07-24 19:45:00,3.01666666666667
2018-07-26 02:15:00,1.85
2018-07-27 08:45:00,2.25
2018-07-28 15:15:00,2.41666666666667
2018-07-29 21:45:00,1.88333333333333
2018-07-31 04:15:00,1.91666666666667
2018-08-01 10:45:00,3.05
2018-08-02 17:15:00,3.43333333333333
2018-08-03 23:45:00,2.06666666666667
2018-08-05 06:15:00,1.38333333333333
2018-08-06 12:45:00,2.98333333333333
2018-08-07 19:15:00,2.58333333333333
2018-08-09 01:45:00,2.3
2018-08-10 08:15:00,2.63333333333333
2018-08-11 14:45:00,2.55
2018-08-12 21:15:00,1.98333333333333
2018-08-14 03:45:00,2.28333333333333
2018-08-15 10:15:00,3.15
2018-08-16 16:45:00,3.5
2018-08-17 23:15:00,2.38333333333333
2018-08-19 05:45:00,1.33333333333333
2018-08-20 12:15:00,2.96666666666667
2018-08-21 18:45:00,2.68333333333333
2018-08-23 01:15:00,1.9
2018-08-24 07:45:00,2.48333333333333
2018-08-25 14:15:00,3.08333333333333
2018-08-26 20:45:00,2.13333333333333
2018-08-28 03:15:00,2.35
2018-08-29 09:45:00,2.91666666666667
2018-08-30 16:15:00,3.43333333333333
2018-08-31 22:45:00,2.08333333333333
2018-09-02 05:15:00,1.46666666666667
2018-09-03 11:45:00,2.61666666666667
2018-09-04 18:15:00,3.16666666666667
2018-09-06 00:45:00,2.95
2018-09-07 07:15:00,2.58333333333333
2018-09-08 13:45:00,2.93333333333333
2018-09-09 20:15:00,2.35
2018-09-11 02:45:00,2.03333333333333
2018-09-12 09:15:00,2.88333333333333
2018-09-13 15:45:00,3.4
2018-09-14 22:15:00,2.26666666666667
2018-09-16 04:45:00,1.35
2018-09-17 11:15:00,2.8
2018-09-18 17:45:00,3.18333333333333
2018-09-20 00:15:00,1.9
2018-09-21 06:45:00,2.8
2018-09-22 13:15:00,2.91666666666667
2018-09-23 19:45:00,3.2
2018-09-25 02:15:00,3.11666666666667
2018-09-26 08:45:00,2.61666666666667
2018-09-27 15:15:00,3.18333333333333
2018-09-28 21:45:00,2.71666666666667
2018-09-30 04:15:00,1.93333333333333
2018-10-01 10:45:00,3.13333333333333
2018-10-02 17:15:00,3.63333333333333
2018-10-03 23:45:00,2.28333333333333
2018-10-05 06:15:00,2.06666666666667
2018-10-06 12:45:00,2.61666666666667
2018-10-07 20:15:00,2.48333333333333
2018-10-09 02:45:00,2.75
2018-10-10 09:15:00,2.55
2018-10-11 15:45:00,3.63333333333333
2018-10-12 22:15:00,2.51666666666667
2018-10-14 04:45:00,1.33333333333333
2018-10-15 11:15:00,3.53333333333333
2018-10-16 17:45:00,2.96666666666667
2018-10-18 00:15:00,2.31666666666667
2018-10-19 06:45:00,2.01666666666667
2018-10-20 13:15:00,2.73333333333333
2018-10-21 19:45:00,3.56666666666667
2018-10-23 02:15:00,2.45
2018-10-24 08:45:00,2.95
2018-10-25 15:15:00,2.81666666666667
2018-10-26 21:45:00,2.43333333333333
2018-10-28 04:15:00,2.3
2018-10-29 10:45:00,3.11666666666667
2018-10-30 17:15:00,3.91666666666667
2018-10-31 23:45:00,3.08333333333333
2018-11-02 06:15:00,2.75
2018-11-03 12:45:00,3.38333333333333
2018-11-04 19:15:00,2.98333333333333
2018-11-06 01:45:00,3.13333333333333
2018-11-07 08:15:00,3.45
2018-11-08 14:45:00,2.63333333333333
2018-11-09 21:15:00,3.61666666666667
2018-11-11 03:45:00,1.83333333333333
2018-11-12 10:15:00,3.25
2018-11-13 16:45:00,3.5
2018-11-14 23:15:00,3.46666666666667
2018-11-16 05:45:00,2.2
2018-11-17 12:15:00,3.11666666666667
2018-11-18 18:45:00,3.31666666666667
2018-11-20 01:15:00,2.43333333333333
2018-11-21 07:45:00,2.73333333333333
2018-11-22 14:15:00,3.38333333333333
2018-11-23 20:45:00,4.01666666666667
2018-11-25 03:15:00,2.85
2018-11-26 09:45:00,3.01666666666667
2018-11-27 16:15:00,3.41666666666667
2018-11-28 22:45:00,2.66666666666667
2018-11-30 05:15:00,2.56666666666667
2018-12-01 11:45:00,1.85
2018-12-02 18:15:00,3.26666666666667
2018-12-04 00:45:00,2.16666666666667
2018-12-05 07:15:00,2.46666666666667
2018-12-06 13:45:00,3.08333333333333
2018-12-07 20:15:00,3.31666666666667
2018-12-09 02:45:00,2.63333333333333
2018-12-10 09:15:00,3.16666666666667
2018-12-11 15:45:00,2.51666666666667
2018-12-12 22:15:00,2.41666666666667
2018-12-14 04:45:00,2.61666666666667
2018-12-15 11:15:00,3.8
2018-12-16 17:45:00,3.18333333333333
2018-12-18 00:15:00,3.15
2018-12-19 06:45:00,3.4
2018-12-20 13:15:00,4.1
2018-12-21 19:45:00,3.18333333333333
2018-12-23 02:15:00,2.13333333333333
2018-12-24 08:45:00,3.31666666666667
2018-12-25 15:15:00,2.86666666666667
2018-12-26 21:45:00,3.43333333333333
2018-12-28 04:15:00,3.28333333333333
2018-12-29 10:45:00,3.3
2018-12-30 17:15:00,3.68333333333333
2018-12-31 23:45:00,1.91666666666667
2019-01-02 06:15:00,2.51666666666667
2019-01-03 12:45:00,3.86666666666667
2019-01-04 19:15:00,3.23333333333333
2019-01-06 01:45:00,2.55
2019-01-07 08:15:00,2.66666666666667
2019-01-08 14:45:00,2.6
2019-01-09 21:15:00,4.31666666666667
2019-01-11 03:45:00,4.61666666666667
2019-01-12 10:15:00,3.88333333333333
2019-01-13 16:45:00,3.2
2019-01-14 23:15:00,2.76666666666667
2019-01-16 05:45:00,4.01666666666667
2019-01-17 12:15:00,2.65
2019-01-18 18:45:00,4.06666666666667
2019-01-20 01:15:00,3.11666666666667
2019-01-21 07:45:00,2.33333333333333
2019-01-22 14:15:00,3.13333333333333
2019-01-23 20:45:00,2.91666666666667
2019-01-25 03:15:00,5.15
2019-01-26 09:45:00,3.5
2019-01-27 16:15:00,2.7
2019-01-28 22:45:00,3.48333333333333
2019-01-30 05:15:00,3.13333333333333
2019-01-31 11:45:00,3.13333333333333
2019-02-01 20:15:00,3.78333333333333
2019-02-03 02:45:00,3.13333333333333
2019-02-04 09:15:00,4.55
2019-02-05 15:45:00,5.18333333333333
2019-02-06 22:15:00,3.3
2019-02-08 04:45:00,3.9
2019-02-09 11:15:00,3.81666666666667
2019-02-10 17:45:00,3.66666666666667
2019-02-12 00:15:00,2.78333333333333
2019-02-13 06:45:00,2.5
2019-02-14 13:15:00,3.05
2019-02-15 19:45:00,3.25
2019-02-17 02:15:00,3.13333333333333
2019-02-18 08:45:00,5.4
2019-02-19 15:15:00,4.11666666666667
2019-02-20 21:45:00,3.91666666666667
2019-02-22 04:15:00,3.5
2019-02-23 10:45:00,2.48333333333333
2019-02-24 17:15:00,3.46666666666667
2019-02-25 23:45:00,3.26666666666667
2019-02-27 06:15:00,2.13333333333333
2019-02-28 12:45:00,3.66666666666667
2019-03-01 19:15:00,3.66666666666667
2019-03-03 01:45:00,4.31666666666667
2019-03-04 08:15:00,2.75
2019-03-05 14:45:00,3.75
2019-03-06 21:15:00,3.4
2019-03-08 03:45:00,2.46666666666667
2019-03-09 10:15:00,2.81666666666667
2019-03-10 16:45:00,2.66666666666667
2019-03-11 23:15:00,3.2
2019-03-13 05:45:00,2.53333333333333
2019-03-14 12:15:00,3.65
2019-03-15 18:45:00,3.68333333333333
2019-03-17 01:15:00,2.53333333333333
2019-03-18 07:45:00,2.63333333333333
2019-03-19 14:15:00,3.86666666666667
2019-03-20 20:45:00,3.65
2019-03-22 03:15:00,2.53333333333333
2019-03-23 09:45:00,3.3
2019-03-24 16:15:00,3.06666666666667
2019-03-25 22:45:00,5.76666666666667
2019-03-27 05:15:00,2.95
2019-03-28 11:45:00,3.13333333333333
2019-03-29 18:15:00,3.53333333333333
2019-03-31 00:45:00,2.61666666666667
2019-04-01 07:15:00,4.6
2019-04-02 13:45:00,4.83333333333333
2019-04-03 20:15:00,4.65
2019-04-05 02:45:00,3.28333333333333
2019-04-06 09:15:00,3.96666666666667
2019-04-07 14:45:00,2.35
2019-04-08 21:15:00,3.76666666666667
2019-04-10 03:45:00,3.06666666666667
2019-04-11 10:15:00,3.53333333333333
2019-04-12 16:45:00,5.03333333333333
2019-04-13 23:15:00,4.63333333333333
2019-04-15 05:45:00,4.96666666666667
2019-04-16 12:15:00,3.5
2019-04-17 18:45:00,4.21666666666667
2019-04-19 01:15:00,2.81666666666667
2019-04-20 07:45:00,2.88333333333333
2019-04-21 14:15:00,2.81666666666667
2019-04-22 20:45:00,3.65
2019-04-24 03:15:00,2.81666666666667
2019-04-25 09:45:00,4.11666666666667
2019-04-26 16:15:00,4.7
2019-04-27 22:45:00,1.96666666666667
2019-04-29 05:15:00,2.5
2019-04-30 11:45:00,3.95
2019-05-01 18:15:00,5.18333333333333
2019-05-03 00:45:00,6.06666666666667
2019-05-04 07:15:00,4.93333333333333
2019-05-05 13:45:00,3.35
2019-05-06 20:15:00,3.71666666666667
2019-05-08 02:45:00,3.76666666666667
2019-05-09 09:15:00,4.08333333333333
2019-05-10 15:45:00,4.3
2019-05-11 22:15:00,3.43333333333333
2019-05-13 04:45:00,3.33333333333333
2019-05-14 11:15:00,4.11666666666667
2019-05-15 17:45:00,5.46666666666667
2019-05-17 00:15:00,3.01666666666667
2019-05-18 06:45:00,2.71666666666667
2019-05-19 13:15:00,3.8
2019-05-20 19:45:00,3.71666666666667
2019-05-22 02:15:00,4.16666666666667
2019-05-23 08:45:00,3.36666666666667
2019-05-24 15:15:00,5.45
2019-05-25 21:45:00,2.51666666666667
2019-05-27 04:15:00,3.05
2019-05-28 10:45:00,4
2019-05-29 17:15:00,4.91666666666667
2019-05-30 23:45:00,3.15
2019-06-01 06:15:00,2.71666666666667
2019-06-02 12:45:00,4.28333333333333
2019-06-03 19:15:00,3.58333333333333
2019-06-05 01:45:00,3.66666666666667
2019-06-06 08:15:00,4.1
2019-06-07 14:45:00,3.75
2019-06-08 21:15:00,3.46666666666667
2019-06-10 03:45:00,2.58333333333333
2019-06-11 10:15:00,3.68333333333333
2019-06-12 16:45:00,3.93333333333333
2019-06-13 23:15:00,3.75
2019-06-15 05:45:00,3.48333333333333
2019-06-16 12:15:00,4.18333333333333
2019-06-17 18:45:00,3.68333333333333
2019-06-19 01:15:00,4.46666666666667
2019-06-20 07:45:00,3.43333333333333
2019-06-21 14:15:00,5
2019-06-22 20:45:00,3.55
2019-06-24 03:15:00,3.03333333333333
2019-06-25 09:45:00,4.51666666666667
2019-06-26 16:15:00,5.11666666666667
2019-06-27 22:45:00,2.76666666666667
2019-06-29 05:15:00,3.36666666666667
2019-06-30 11:45:00,4.36666666666667
2019-07-01 18:15:00,3.75
2019-07-03 00:45:00,3.73333333333333
2019-07-04 07:15:00,4.43333333333333
2019-07-05 13:45:00,3.58333333333333
2019-07-06 20:15:00,3.46666666666667
2019-07-08 02:45:00,3.55
2019-07-09 09:15:00,4
2019-07-10 15:45:00,3.9
2019-07-11 22:15:00,2.46666666666667
2019-07-13 04:45:00,4.16666666666667
2019-07-14 11:15:00,2.53333333333333
2019-07-15 17:45:00,3.58333333333333
2019-07-17 00:15:00,2.8
2019-07-18 06:45:00,3.26666666666667
2019-07-19 13:15:00,3.08333333333333
2019-07-20 19:45:00,3.36666666666667
2019-07-22 02:15:00,3.66666666666667
2019-07-23 08:45:00,3.93333333333333
2019-07-24 15:15:00,3.98333333333333
2019-07-25 21:45:00,3.55
2019-07-27 04:15:00,2.45
2019-07-28 10:45:00,3.05
2019-07-29 17:15:00,3.53333333333333
2019-07-30 23:45:00,4.4
2019-08-01 06:15:00,4.48333333333333
2019-08-02 12:45:00,3.56666666666667
2019-08-03 19:15:00,2.86666666666667
2019-08-05 01:45:00,2.61666666666667
2019-08-06 08:15:00,3.21666666666667
2019-08-07 14:45:00,5.13333333333333
2019-08-08 21:15:00,4.1
2019-08-10 03:45:00,2.43333333333333
2019-08-11 10:15:00,3.23333333333333
2019-08-12 16:45:00,4.43333333333333
2019-08-13 23:15:00,2.43333333333333
2019-08-15 05:45:00,2.66666666666667
2019-08-16 12:15:00,4.81666666666667
2019-08-17 18:45:00,3.51666666666667
2019-08-19 01:15:00,3.35
2019-08-20 07:45:00,2.63333333333333
2019-08-21 14:15:00,3.88333333333333
2019-08-22 20:45:00,3.06666666666667
2019-08-24 03:15:00,2.25
2019-08-25 09:45:00,4.23333333333333
2019-08-26 16:15:00,3.81666666666667
2019-08-27 22:45:00,4.88333333333333
2019-08-29 05:15:00,3.06666666666667
2019-08-30 11:45:00,4.86666666666667
2019-08-31 18:15:00,4.23333333333333
2019-09-02 00:45:00,3.63333333333333
2019-09-03 07:15:00,4.21666666666667
2019-09-04 13:45:00,3.65
2019-09-05 20:15:00,5.18333333333333
2019-09-07 02:45:00,1.71666666666667
2019-09-08 09:15:00,2.45
2019-09-09 15:45:00,4.01666666666667
2019-09-10 22:15:00,2.56666666666667
2019-09-12 04:45:00,3.66666666666667
2019-09-13 11:15:00,3.6
2019-09-14 17:45:00,3.78333333333333
2019-09-16 00:15:00,2.56666666666667
2019-09-17 06:45:00,3.48333333333333
2019-09-18 13:15:00,4.38333333333333
2019-09-19 19:45:00,4.25
2019-09-21 02:15:00,2.41666666666667
2019-09-22 08:45:00,3.76666666666667
2019-09-23 15:15:00,3.35
2019-09-24 21:45:00,4.68333333333333
2019-09-26 04:15:00,3.96666666666667
2019-09-27 10:45:00,3.86666666666667
2019-09-28 17:15:00,4.05
2019-09-29 23:45:00,3.03333333333333
2019-10-01 06:15:00,2.81666666666667
2019-10-02 12:45:00,3.31666666666667
2019-10-03 19:15:00,5.28333333333333
2019-10-05 01:45:00,1.95
2019-10-06 09:15:00,2.33333333333333
2019-10-07 15:45:00,3.55
2019-10-08 22:15:00,3.4
2019-10-10 04:45:00,4.56666666666667
2019-10-11 11:15:00,4.66666666666667
2019-10-12 17:45:00,3.56666666666667
2019-10-14 00:15:00,2.26666666666667
2019-10-15 06:45:00,3.81666666666667
2019-10-16 13:15:00,3.53333333333333
2019-10-17 19:45:00,4.1
2019-10-19 02:15:00,3.1
2019-10-20 08:45:00,2.33333333333333
2019-10-21 15:15:00,4.71666666666667
2019-10-22 21:45:00,4.36666666666667
2019-10-24 04:15:00,3.66666666666667
2019-10-25 10:45:00,4.26666666666667
2019-10-26 17:15:00,2.48333333333333
2019-10-27 23:45:00,3.33333333333333
2019-10-29 06:15:00,2.6
2019-10-30 12:45:00,4.41666666666667
2019-10-31 19:15:00,3.56666666666667
2019-11-02 01:45:00,2.55
2019-11-03 08:15:00,2.8
2019-11-04 14:45:00,3.56666666666667
2019-11-05 21:15:00,4.43333333333333
2019-11-07 03:45:00,4.78333333333333
2019-11-08 10:15:00,4.71666666666667
2019-11-09 16:45:00,4.16666666666667
2019-11-10 23:15:00,4.23333333333333
2019-11-12 05:45:00,2.81666666666667
2019-11-13 12:15:00,3.45
2019-11-14 18:45:00,3.43333333333333
2019-11-16 01:15:00,3.03333333333333
2019-11-17 07:45:00,2.71666666666667
2019-11-18 14:15:00,3.11666666666667
2019-11-19 20:45:00,4.36666666666667
2019-11-21 03:15:00,3.16666666666667
2019-11-22 09:45:00,2.73333333333333
2019-11-23 16:15:00,3.63333333333333
2019-11-24 22:45:00,3.03333333333333
2019-11-26 05:15:00,2.16666666666667
2019-11-27 11:45:00,3.21666666666667
2019-11-28 18:15:00,3.35
2019-11-30 00:45:00,2.96666666666667
2019-12-01 07:15:00,2.43333333333333
2019-12-02 13:45:00,4.58333333333333
2019-12-03 20:15:00,3.18333333333333
2019-12-05 02:45:00,3.51666666666667
2019-12-06 09:15:00,3.68333333333333
2019-12-07 15:45:00,3.46666666666667
2019-12-08 22:15:00,3.68333333333333
2019-12-10 04:45:00,2.6
2019-12-11 11:15:00,3.5
2019-12-12 17:45:00,4.76666666666667
2019-12-14 00:15:00,4.53333333333333
2019-12-15 06:45:00,2.63333333333333
2019-12-16 13:15:00,4.06666666666667
2019-12-17 19:45:00,4.41666666666667
2019-12-19 02:15:00,3.85
2019-12-20 08:45:00,2.51666666666667
2019-12-21 15:15:00,3.05
2019-12-22 21:45:00,2.28333333333333
2019-12-24 04:15:00,2.61666666666667
2019-12-25 10:45:00,2.96666666666667
2019-12-26 17:15:00,3.75
2019-12-27 23:45:00,3.23333333333333
2019-12-29 06:15:00,2.4
2019-12-30 12:45:00,3.05
2019-12-31 19:15:00,2.65
2020-01-02 01:45:00,2.46666666666667
2020-01-03 08:15:00,2.48333333333333
2020-01-04 14:45:00,2.61666666666667
2020-01-05 21:15:00,4.06666666666667
2020-01-07 03:45:00,3.13333333333333
2020-01-08 10:15:00,4.03333333333333
2020-01-09 16:45:00,3.26666666666667
2020-01-10 23:15:00,3.68333333333333
2020-01-12 05:45:00,2.86666666666667
2020-01-13 12:15:00,3.88333333333333
2020-01-14 18:45:00,4.4
2020-01-16 01:15:00,4.33333333333333
2020-01-17 07:45:00,3.76666666666667
2020-01-18 14:15:00,4
2020-01-19 20:45:00,3.7
2020-01-21 03:15:00,2.31666666666667
2020-01-22 09:45:00,2.78333333333333
2020-01-23 16:15:00,4.65
2020-01-24 22:45:00,3.08333333333333
2020-01-26 05:15:00,2.11666666666667
2020-01-27 11:45:00,3.31666666666667
2020-01-28 18:15:00,4.01666666666667
2020-01-30 00:45:00,3.1
2020-01-31 07:15:00,3.78333333333333
2020-02-01 13:45:00,4.16666666666667
2020-02-02 20:15:00,4.81666666666667
2020-02-04 02:45:00,3.33333333333333
2020-02-05 09:15:00,4.1
2020-02-06 15:45:00,5.38333333333333
2020-02-07 22:15:00,3.53333333333333
2020-02-09 04:45:00,2.11666666666667
2020-02-10 11:15:00,3.71666666666667
2020-02-11 17:45:00,4.36666666666667
2020-02-13 00:15:00,3.51666666666667
2020-02-14 06:45:00,2.55
2020-02-15 13:15:00,3.16666666666667
2020-02-16 19:45:00,3.96666666666667
2020-02-18 02:15:00,3.5
2020-02-19 08:45:00,3.98333333333333
2020-02-20 15:15:00,4.61666666666667
2020-02-21 21:45:00,3.18333333333333
2020-02-23 04:15:00,2.5
2020-02-24 10:45:00,3.93333333333333
2020-02-25 17:15:00,4.35
2020-02-26 23:45:00,2.71666666666667
2020-02-28 06:15:00,3.38333333333333
2020-02-29 12:45:00,3.38333333333333
2020-03-01 19:15:00,3.71666666666667
2020-03-03 01:45:00,3.23333333333333
2020-03-04 08:15:00,4.05
2020-03-05 14:45:00,4.78333333333333
2020-03-06 21:15:00,4.36666666666667
2020-03-08 03:45:00,2.83333333333333
2020-03-09 10:15:00,4.51666666666667
2020-03-10 16:45:00,4.68333333333333
2020-03-11 23:15:00,2.31666666666667
2020-03-13 05:45:00,2.66666666666667
2020-03-14 15:15:00,2.96666666666667
2020-03-15 21:45:00,2.43333333333333
2020-03-17 04:15:00,1.88333333333333
2020-03-18 10:45:00,2.41666666666667
2020-03-19 17:15:00,4.3
2020-03-20 23:45:00,2.36666666666667
2020-03-22 06:15:00,1.91666666666667
2020-03-23 12:45:00,2.56666666666667
2020-03-24 19:15:00,3.2
2020-03-26 02:00:00,2.21666666666667
2020-03-27 08:30:00,3
2020-03-28 15:00:00,3.13333333333333
2020-03-29 21:30:00,3.55
2020-03-31 04:00:00,2.73333333333333
2020-04-01 10:30:00,3.75
2020-04-02 17:00:00,4.15
2020-04-03 23:30:00,2.56666666666667
2020-04-05 05:00:00,1.96666666666667
2020-04-06 11:30:00,3.83333333333333
2020-04-07 18:00:00,3.98333333333333
2020-04-09 00:30:00,2.46666666666667
2020-04-10 07:00:00,3.51666666666667
2020-04-11 13:30:00,2.75
2020-04-12 20:00:00,3.08333333333333
2020-04-14 02:30:00,2.73333333333333
2020-04-15 09:00:00,3.4
2020-04-16 15:30:00,4.71666666666667
2020-04-17 22:00:00,2.81666666666667
2020-04-19 04:30:00,1.75
2020-04-20 11:00:00,3.55
2020-04-21 17:30:00,4.01666666666667
2020-04-23 00:00:00,3.11666666666667
2020-04-24 06:30:00,3.28333333333333
2020-04-25 13:00:00,3.85
2020-04-26 19:30:00,3.78333333333333
2020-04-28 02:00:00,2.36666666666667
2020-04-29 08:30:00,3.66666666666667
2020-04-30 15:00:00,4.4
2020-05-01 21:30:00,3.31666666666667
2020-05-03 04:00:00,2.11666666666667
2020-05-04 10:30:00,3.91666666666667
2020-05-05 17:00:00,4.58333333333333
2020-05-06 23:30:00,3.25
2020-05-08 06:00:00,2.68333333333333
2020-05-09 12:30:00,3.45
2020-05-10 19:00:00,3.66666666666667
2020-05-12 01:45:00,2.48333333333333
2020-05-13 08:15:00,3.75
2020-05-14 14:45:00,4.58333333333333
2020-05-15 21:15:00,3.7
2020-05-17 03:45:00,1.9
2020-05-18 10:15:00,3.31666666666667
2020-05-19 16:45:00,4.08333333333333
2020-05-20 23:15:00,2.55
2020-05-22 05:45:00,2.11666666666667
2020-05-23 12:15:00,2.7
2020-05-24 18:45:00,2.66666666666667
2020-05-26 01:15:00,1.76666666666667
2020-05-27 07:45:00,3.45
2020-05-28 14:15:00,4.16666666666667
2020-05-29 20:45:00,3.41666666666667
2020-05-31 03:15:00,2.11666666666667
2020-06-01 09:45:00,4.2
2020-06-02 16:15:00,4.16666666666667
2020-06-03 22:45:00,2.78333333333333
2020-06-05 05:15:00,2.65
2020-06-06 11:45:00,3.55
2020-06-07 18:15:00,3.58333333333333
2020-06-09 00:45:00,2.78333333333333
2020-06-10 07:15:00,3.95
2020-06-11 13:45:00,4.7
2020-06-12 20:15:00,4.2
2020-06-14 02:45:00,2.46666666666667
2020-06-15 09:15:00,3.93333333333333
2020-06-16 15:45:00,4.36666666666667
2020-06-17 22:15:00,3.53333333333333
2020-06-19 04:45:00,2.3
2020-06-20 11:15:00,3.23333333333333
2020-06-21 17:45:00,3.5
2020-06-23 00:15:00,2.51666666666667
2020-06-24 06:45:00,3.48333333333333
2020-06-25 13:15:00,4.11666666666667
2020-06-26 19:45:00,4.45
2020-06-28 02:15:00,2.6
2020-06-29 08:45:00,4.2
2020-06-30 15:15:00,5.06666666666667
2020-07-01 21:45:00,3.71666666666667
2020-07-03 04:15:00,2.38333333333333
2020-07-04 10:45:00,3.33333333333333
2020-07-05 17:15:00,3.9
2020-07-06 23:45:00,3.41666666666667
2020-07-08 06:15:00,4.46666666666667
2020-07-09 12:45:00,4.43333333333333
2020-07-10 19:15:00,3.78333333333333
2020-07-12 01:45:00,1.75
2020-07-13 08:15:00,3.7
2020-07-14 14:45:00,5.18333333333333
2020-07-15 21:15:00,3.88333333333333
2020-07-17 03:45:00,2.3
2020-07-18 10:15:00,3
2020-07-19 16:45:00,4.03333333333333
2020-07-20 23:15:00,3.28333333333333
2020-07-22 05:45:00,3.41666666666667
2020-07-23 12:15:00,4.33333333333333
2020-07-24 18:45:00,4.03333333333333
2020-07-26 01:15:00,2.1
2020-07-27 07:45:00,4.4
2020-07-28 14:15:00,4.61666666666667
2020-07-29 20:45:00,3.76666666666667
2020-07-31 03:15:00,2.3
2020-08-01 09:45:00,3.71666666666667
2020-08-02 16:15:00,3.36666666666667
2020-08-03 22:45:00,3.41666666666667
2020-08-05 05:15:00,2.98333333333333
2020-08-06 11:45:00,3.96666666666667
2020-08-07 18:15:00,4.43333333333333
2020-08-09 00:45:00,2.25
2020-08-10 07:15:00,3.81666666666667
2020-08-11 13:45:00,4.4
2020-08-12 20:15:00,4.61666666666667
2020-08-14 02:45:00,2.73333333333333
2020-08-15 09:15:00,3.4
2020-08-16 15:45:00,4.18333333333333
2020-08-17 22:15:00,3.15
2020-08-19 04:45:00,2.25
2020-08-20 11:15:00,3.8666666666666667
2020-08-21 17:45:00,4.183333333333334
2020-08-23 00:15:00,2.433333333333333
2020-08-24 06:45:00,3.1666666666666665
2020-08-25 13:15:00,4.45
2020-08-26 19:45:00,4.4
2020-08-28 02:15:00,2.45
2020-08-29 08:45:00,3.1333333333333333
2020-08-30 15:15:00,3.6
2020-08-31 21:45:00,3.3333333333333335
2020-09-02 04:15:00,2.566666666666667
2020-09-03 10:45:00,4.166666666666667
2020-09-04 17:15:00,3.966666666666667
2020-09-05 23:45:00,2.3666666666666667
2020-09-07 06:15:00,2.8333333333333335
2020-09-08 12:45:00,4.383333333333334
2020-09-09 19:15:00,4.2
2020-09-11 01:45:00,2.25
2020-09-12 08:15:00,3.3666666666666667
2020-09-13 14:45:00,3.433333333333333
2020-09-14 21:15:00,3.6666666666666665
2020-09-16 03:45:00,2.2
2020-09-17 10:15:00,4.433333333333334
2020-09-18 16:45:00,4.966666666666667
2020-09-19 23:15:00,3.0166666666666666
2020-09-21 05:45:00,3.1
2020-09-22 12:15:00,3.9166666666666665
2020-09-23 18:45:00,4.533333333333333
2020-09-25 01:15:00,2.466666666666667
2020-09-26 07:45:00,3.05
2020-09-27 14:15:00,3.5
2020-09-28 20:45:00,3.966666666666667
2020-09-30 03:15:00,2.25
2020-10-01 09:45:00,4.016666666666667
2020-10-02 16:15:00,4.983333333333333
2020-10-03 22:45:00,2.3666666666666667
2020-10-05 06:15:00,3.0166666666666666
2020-10-06 12:45:00,4.95
2020-10-07 19:15:00,4.65
2020-10-09 01:45:00,2.7
2020-10-10 08:15:00,3.533333333333333
2020-10-11 14:45:00,3.4833333333333334
2020-10-12 21:15:00,4
2020-10-14 03:45:00,2.1166666666666667
2020-10-15 10:15:00,4.05
2020-10-16 16:45:00,4.766666666666667
2020-10-17 23:15:00,3.05
2020-10-19 05:45:00,2.5833333333333335
2020-10-20 12:15:00,4.383333333333334
2020-10-21 18:45:00,5.283333333333333
2020-10-23 01:15:00,2.5166666666666666
2020-10-24 07:45:00,2.6666666666666665
2020-10-25 14:15:00,3.2
2020-10-26 20:45:00,3.5833333333333335
2020-10-28 03:15:00,2.283333333333333
2020-10-29 09:45:00,2.9833333333333334
2020-10-30 16:15:00,4.116666666666666
2020-10-31 22:45:00,2.6166666666666667
2020-11-02 05:15:00,2.0166666666666666
2020-11-03 11:45:00,4.066666666666666
2020-11-04 18:15:00,4.833333333333333
2020-11-06 00:45:00,3.5
2020-11-07 07:15:00,2.2666666666666666
2020-11-08 13:45:00,2.9166666666666665
2020-11-09 20:15:00,4.3
2020-11-11 02:45:00,2.5166666666666666
2020-11-12 09:15:00,3.85
2020-11-13 15:45:00,4.483333333333333
2020-11-14 22:15:00,3.033333333333333
2020-11-16 04:45:00,2.5
2020-11-17 11:15:00,3.6166666666666667
2020-11-18 17:45:00,4.983333333333333
2020-11-20 00:15:00,3.283333333333333
2020-11-21 06:45:00,2.3833333333333333
2020-11-22 13:15:00,2.95
2020-11-23 19:45:00,4.383333333333334
2020-11-25 02:15:00,2.55
2020-11-26 08:45:00,4.316666666666666
2020-11-27 15:15:00,3.95
2020-11-28 21:45:00,3.466666666666667
2020-11-30 04:15:00,2.3833333333333333
2020-12-01 10:45:00,4.383333333333334
2020-12-02 17:15:00,4.333333333333333
2020-12-03 23:45:00,3.433333333333333
2020-12-05 06:15:00,2.4833333333333334
2020-12-06 12:45:00,2.7666666666666666
2020-12-07 19:15:00,4.666666666666667
2020-12-09 01:45:00,2.4
2020-12-10 08:15:00,3.4166666666666665
2020-12-11 14:45:00,4.066666666666666
2020-12-12 21:15:00,3.3
2020-12-14 03:45:00,2.316666666666667
2020-12-15 10:15:00,3.783333333333333
2020-12-16 16:45:00,5.7
2020-12-17 23:15:00,3.2
2020-12-19 05:45:00,2.5
2020-12-20 12:15:00,3.216666666666667
2020-12-21 18:45:00,4.6
2020-12-23 01:15:00,2.45
2020-12-24 07:45:00,3.783333333333333
2020-12-25 14:15:00,3.6333333333333333
2020-12-26 20:45:00,3.716666666666667
2020-12-28 03:15:00,2.433333333333333
2020-12-29 09:45:00,3.7
2020-12-30 16:15:00,5.583333333333333
2020-12-31 22:45:00,3.4166666666666665
2021-01-02 05:15:00,2.033333333333333
2021-01-03 11:45:00,3.8
2021-01-04 18:15:00,6.066666666666666
2021-01-06 00:45:00,3.566666666666667
2021-01-07 07:15:00,3.716666666666667
2021-01-08 13:45:00,5.1
2021-01-09 20:15:00,4.266666666666667
2021-01-11 02:45:00,2.65
2021-01-12 09:15:00,4.2
2021-01-13 15:45:00,4.633333333333334
2021-01-14 22:15:00,4.233333333333333
2021-01-16 04:45:00,2.6666666666666665
2021-01-17 11:15:00,2.85
2021-01-18 17:45:00,4.616666666666666
2021-01-20 00:15:00,3.216666666666667
2021-01-21 06:45:00,2.533333333333333
2021-01-22 13:15:00,4.116666666666666
2021-01-23 19:45:00,3.683333333333333
2021-01-25 02:15:00,2.4166666666666665
2021-01-26 08:45:00,3.283333333333333
2021-01-27 15:15:00,4.566666666666666
2021-01-28 21:45:00,4.283333333333333
2021-01-30 04:15:00,2.4166666666666665
2021-01-31 10:45:00,3.1666666666666665
2021-02-01 17:15:00,4.766666666666667
2021-02-02 23:45:00,4.016666666666667
2021-02-04 06:15:00,2.683333333333333
2021-02-05 12:45:00,4.1
2021-02-06 19:15:00,4.216666666666667
2021-02-08 01:45:00,2.466666666666667
2021-02-09 08:15:00,4.666666666666667
2021-02-10 14:45:00,4.666666666666667
2021-02-11 21:15:00,4.333333333333333
2021-02-13 03:45:00,2.5166666666666666
2021-02-14 10:15:00,3.2
2021-02-15 16:45:00,4.2
2021-02-16 23:15:00,3.9833333333333334
2021-02-18 05:45:00,3.0166666666666666
2021-02-19 12:15:00,4.7
2021-02-20 18:45:00,3.816666666666667
2021-02-22 01:15:00,2.65
2021-02-23 07:45:00,3.0166666666666666
2021-02-24 14:15:00,3.9833333333333334
2021-02-25 20:45:00,3.5833333333333335
2021-02-27 03:15:00,2.3833333333333333
2021-02-28 09:45:00,2.6666666666666665
2021-03-01 16:15:00,4.4
2021-03-02 22:45:00,3.9166666666666665
2021-03-04 05:15:00,2.5
2021-03-05 11:45:00,4.4
2021-03-06 18:15:00,3.65
2021-03-08 00:45:00,2.533333333333333
2021-03-09 07:15:00,3.2333333333333334
2021-03-10 13:45:00,4.533333333333333
2021-03-11 20:15:00,4.05
2021-03-13 02:45:00,2.05
2021-03-14 09:15:00,3.05
2021-03-15 15:45:00,4.766666666666667
2021-03-16 22:15:00,4.016666666666667
2021-03-18 04:45:00,2.6166666666666667
2021-03-19 11:15:00,3.6333333333333333
2021-03-20 17:45:00,3.683333333333333
2021-03-22 00:15:00,2.5
2021-03-23 06:45:00,2.316666666666667
2021-03-24 13:15:00,4.416666666666667
2021-03-25 19:45:00,4
2021-03-27 02:15:00,2.933333333333333
2021-03-28 08:45:00,2.716666666666667
2021-03-29 15:15:00,4.3
2021-03-30 21:45:00,3.95
2021-04-01 04:15:00,2.35
2021-04-02 10:45:00,4.05
2021-04-03 17:15:00,3.433333333333333
2021-04-04 22:45:00,2.5
2021-04-06 05:15:00,2.65
2021-04-07 11:45:00,4.116666666666666
2021-04-08 18:15:00,4.066666666666666
2021-04-10 00:45:00,2.5833333333333335
2021-04-11 07:15:00,2.35
2021-04-12 13:45:00,4.383333333333334
2021-04-13 20:15:00,3.9
2021-04-15 02:45:00,2.5833333333333335
2021-04-16 09:15:00,3.7666666666666666
2021-04-17 15:45:00,2.9833333333333334
2021-04-18 22:15:00,2.65
2021-04-20 04:45:00,2.316666666666667
2021-04-21 11:15:00,3.183333333333333
2021-04-22 17:45:00,3.533333333333333
2021-04-24 00:15:00,2.2666666666666666
2021-04-25 06:45:00,2.7333333333333334
2021-04-26 13:15:00,3.783333333333333
2021-04-27 19:45:00,3.783333333333333
2021-04-29 02:15:00,2.533333333333333
2021-04-30 08:45:00,3.5833333333333335
2021-05-01 15:15:00,3.433333333333333
2021-05-02 21:45:00,2.35
2021-05-04 04:15:00,2.4
2021-05-05 10:45:00,3.716666666666667
2021-05-06 17:15:00,3.783333333333333
2021-05-07 23:45:00,2.9
2021-05-09 06:15:00,2.3666666666666667
2021-05-10 12:45:00,3.9
2021-05-11 19:15:00,4
2021-05-13 01:45:00,2.566666666666667
2021-05-14 08:15:00,3.0166666666666666
2021-05-15 14:45:00,3.15
2021-05-16 21:15:00,2.85
2021-05-18 03:45:00,1.7166666666666666
2021-05-19 10:15:00,2.8833333333333333
2021-05-20 16:45:00,3.066666666666667
2021-05-21 23:15:00,2.183333333333333
2021-05-23 05:45:00,1.6333333333333333
2021-05-24 12:15:00,3.216666666666667
2021-05-25 18:45:00,2.783333333333333
2021-05-27 01:15:00,1.8
2021-05-28 07:45:00,2.3666666666666667
2021-05-29 14:15:00,2.433333333333333
2021-05-30 20:45:00,2.033333333333333
2021-06-01 03:15:00,1.6833333333333333
2021-06-02 09:45:00,3.1333333333333333
2021-06-03 16:15:00,3.55
2021-06-04 22:45:00,2.1666666666666665
2021-06-06 05:15:00,1.6
2021-06-07 11:45:00,3.2
2021-06-08 18:15:00,3.5
2021-06-10 00:45:00,2.0166666666666666
2021-06-11 07:15:00,2.283333333333333
2021-06-12 13:45:00,2.4166666666666665
2021-06-13 20:15:00,3.1666666666666665
2021-06-15 02:45:00,1.7333333333333334
2021-06-16 09:15:00,2.95
2021-06-17 15:45:00,3.45
2021-06-18 22:15:00,2.2
2021-06-20 04:45:00,1.2166666666666666
2021-06-21 11:15:00,3.066666666666667
2021-06-22 17:45:00,3.4
2021-06-24 00:15:00,1.6666666666666667
2021-06-25 06:45:00,2.2666666666666666
2021-06-26 13:15:00,2.1
2021-06-27 19:45:00,1.9
2021-06-29 02:15:00,1.7166666666666666
2021-06-30 08:45:00,2.8833333333333333
2021-07-01 15:15:00,3.533333333333333
2021-07-02 21:45:00,2.4833333333333334
2021-07-04 04:15:00,1.2666666666666666
2021-07-05 10:45:00,2.7666666666666666
2021-07-06 17:15:00,3.25
2021-07-07 23:45:00,1.9666666666666666
2021-07-09 06:15:00,2.1333333333333333
2021-07-10 12:45:00,2.283333333333333
2021-07-11 19:15:00,2.55
2021-07-13 01:45:00,1.75
2021-07-14 08:15:00,2.3666666666666667
2021-07-15 14:45:00,3.183333333333333
2021-07-16 21:15:00,2.8
2021-07-18 03:45:00,1.3333333333333333
2021-07-19 10:15:00,3.0166666666666666
2021-07-20 16:45:00,3.1666666666666665
2021-07-21 23:15:00,2.2666666666666666
2021-07-23 05:45:00,1.95
2021-07-24 12:15:00,2.533333333333333
2021-07-25 18:45:00,2.6
2021-07-27 01:15:00,1.75
2021-07-28 07:45:00,2.683333333333333
2021-07-29 14:15:00,3.85
2021-07-30 20:45:00,3.2
2021-08-01 03:15:00,1.4833333333333334
2021-08-02 09:45:00,2.783333333333333
2021-08-03 16:15:00,3.683333333333333
2021-08-04 22:45:00,2.316666666666667
2021-08-06 05:15:00,1.8833333333333333
2021-08-07 11:45:00,2.6666666666666665
2021-08-08 18:15:00,2.533333333333333
2021-08-10 00:45:00,2.466666666666667
2021-08-11 07:15:00,2.683333333333333
2021-08-12 13:45:00,3.566666666666667
2021-08-13 20:15:00,3.9833333333333334
2021-08-15 02:45:00,1.45
2021-08-16 09:15:00,2.85
2021-08-17 15:45:00,3.55
2021-08-18 22:15:00,2.683333333333333
2021-08-20 04:45:00,1.95
2021-08-21 11:15:00,2.533333333333333
2021-08-22 17:45:00,2.7
2021-08-24 00:15:00,2.3333333333333335
2021-08-25 06:45:00,2.3666666666666667
2021-08-26 13:15:00,3.2
2021-08-27 19:45:00,3.316666666666667
2021-08-29 02:15:00,1.55
2021-08-30 08:45:00,3.1