Timestamp,mvrv
2010-10-09 01:06:14,6.62776252931356
2010-10-11 10:34:50,6.78733358013149
2010-10-13 21:44:19,5.34817494413781
2010-10-16 00:44:28,5.46429279264971
2010-10-17 12:02:51,5.16598119903133
2010-10-19 04:47:04,4.60522287938517
2010-10-20 19:30:32,4.52716068844041
2010-10-22 22:16:33,4.79085881256722
2010-10-25 02:09:49,7.43418696737602
2010-10-26 21:38:56,6.13066942475595
2010-10-28 18:20:41,6.49724617303427
2010-10-30 11:39:25,6.08514901856879
2010-11-01 13:56:31,6.13002702372397
2010-11-03 18:14:11,6.14699137043276
2010-11-05 17:20:54,6.20217233486468
2010-11-07 12:56:51,7.71273587734332
2010-11-09 01:35:36,5.60735470961538
2010-11-10 23:10:44,4.8662015908612
2010-11-13 01:12:32,3.91036971505664
2010-11-14 18:46:39,4.4060469863783
2010-11-16 19:10:42,3.90601892816116
2010-11-18 10:50:31,3.84945844704651
2010-11-20 21:30:14,3.74774312647992
2010-11-23 16:03:23,3.68100608672313
2010-11-25 23:47:46,3.60905692602056
2010-11-28 04:18:05,3.64985538638293
2010-11-30 06:05:36,3.60737202318837
2010-12-02 09:24:37,2.94368601056725
2010-12-04 09:22:42,3.27262380290354
2010-12-06 03:48:02,2.86424843357995
2010-12-07 20:52:17,2.85369449509889
2010-12-09 12:23:40,3.07914897902453
2010-12-11 22:14:33,2.57005047587054
2010-12-14 10:12:07,2.78198494093032
2010-12-16 17:30:33,2.98798237593828
2010-12-19 06:01:59,2.95671207656722
2010-12-21 11:54:37,3.14103588327159
2010-12-24 00:52:42,2.9417375753702
2010-12-26 15:42:23,2.80763818685684
2010-12-29 01:40:52,3.22340162379076
2010-12-31 13:07:06,3.2652830531088
2011-01-02 19:49:43,3.22596595662765
2011-01-05 11:06:32,3.18219847904424
2011-01-08 02:00:52,3.35245596890459
2011-01-10 10:58:05,3.30650676015301
2011-01-12 22:06:19,3.27384552909857
2011-01-15 03:21:25,4.2108118076001
2011-01-17 11:24:39,3.73470627156869
2011-01-20 00:16:28,3.42811666635481
2011-01-22 08:02:35,3.89885848558126
2011-01-24 15:03:55,3.795197896486
2011-01-26 22:45:40,3.60659647163887
2011-01-29 11:32:47,3.39284271909499
2011-01-31 23:22:15,3.49341746998108
2011-02-03 12:01:01,5.39380130020243
2011-02-05 16:29:45,5.59506946234953
2011-02-07 19:14:04,5.35218889299477
2011-02-10 01:01:29,5.35301260422272
2011-02-12 03:38:53,5.3844301090459
2011-02-14 04:54:38,5.47424910196801
2011-02-16 02:28:00,5.21222560765756
2011-02-17 20:02:30,4.97242643959432
2011-02-19 21:52:35,4.80473291014129
2011-02-22 00:15:14,4.24575776077738
2011-02-23 18:33:29,3.96431894723946
2011-02-25 14:43:20,4.20517287286534
2011-02-27 03:10:54,4.1801932509121
2011-03-01 06:48:51,3.90239778124783
2011-03-03 17:05:05,3.40738211944419
2011-03-05 13:28:11,3.2979031963681
2011-03-06 23:46:43,3.23002895363752
2011-03-08 23:03:35,3.16479356753202
2011-03-11 21:56:07,3.07105164994038
2011-03-15 06:41:51,3.02788546563264
2011-03-18 06:42:44,2.85999801010431
2011-03-21 11:12:43,2.58233284398349
2011-03-24 06:33:54,2.77353398984252
2011-03-26 22:00:57,2.81943874518013
2011-03-29 11:28:15,2.63827118361573
2011-03-31 19:16:24,2.50476129105262
2011-04-03 02:35:45,2.49430387013606
2011-04-05 09:24:56,2.37108564687763
2011-04-07 22:40:36,2.30089728388781
2011-04-10 09:22:44,2.35063983643914
2011-04-12 20:49:10,2.45982712584599
2011-04-15 03:20:05,2.93041090320297
2011-04-17 14:20:29,3.17240022912095
2011-04-20 05:20:23,3.34224077362293
2011-04-22 17:40:00,3.36648848402092
2011-04-25 03:31:32,4.94105257036501
2011-04-27 04:33:35,4.50462244981233
2011-04-29 10:10:37,5.14291123464514
2011-05-01 13:47:26,6.92718669122536
2011-05-03 14:02:06,5.50102830264233
2011-05-05 13:22:01,5.06987826169012
2011-05-07 10:55:56,4.87570224375755
2011-05-09 06:01:02,4.95272995651065
2011-05-11 05:42:54,6.32858636781795
2011-05-13 10:03:45,6.10543042626025
2011-05-15 04:10:42,6.51709388851204
2011-05-16 20:38:18,5.97100849056097
2011-05-18 09:10:48,5.27831154305965
2011-05-20 05:42:54,4.45445056136795
2011-05-22 01:09:13,4.08156853750186
2011-05-23 13:18:11,4.18094811432441
2011-05-24 22:05:45,4.4264916428346
2011-05-26 05:51:12,4.64072115502105
2011-05-28 00:58:15,4.7058256013085
2011-05-30 11:25:12,4.47208776103807
2011-06-01 21:53:38,4.69370305942645
2011-06-03 22:28:36,5.19259244976244
2011-06-05 19:27:42,7.11340591838302
2011-06-07 17:31:38,6.11948510739577
2011-06-09 18:04:43,7.94837109248888
2011-06-11 12:21:03,6.67120249570255
2011-06-13 04:30:33,3.75954932506103
2011-06-14 20:37:09,3.304688961513
2011-06-16 10:36:06,2.6568778654171
2011-06-18 13:35:10,2.42959234126463
2011-06-20 08:59:09,2.66126936928704
2011-06-22 00:19:08,2.19317248346473
2011-06-23 15:13:00,2.23579862662026
2011-06-25 14:45:42,2.46180355516276
2011-06-28 04:50:06,2.4987467940068
2011-06-30 12:58:33,2.38262653646814
2011-07-02 17:20:43,2.30243348850408
2011-07-05 03:32:46,2.13145454657817
2011-07-07 22:47:49,2.22238875610675
2011-07-10 14:36:08,2.04575234976322
2011-07-13 06:15:31,1.94464733358452
2011-07-15 15:16:53,1.89098549645739
2011-07-18 02:27:43,1.85303644208668
2011-07-20 17:29:58,1.97010418223649
2011-07-23 09:06:26,1.88668405774149
2011-07-25 20:14:31,1.91301006572217
2011-07-28 03:00:51,1.89662632509473
2011-07-30 16:12:13,1.85334089497875
2011-08-02 02:38:50,1.81045932981079
2011-08-04 20:56:32,1.70713315958727
2011-08-08 00:23:04,1.30156494171976
2011-08-10 18:32:11,1.61861762893721
2011-08-13 22:13:48,1.37094242849029
2011-08-16 22:15:09,1.62110364194023
2011-08-19 21:14:58,1.60718176341242
2011-08-22 11:55:01,1.58628930813903
2011-08-25 06:51:42,1.54925486453715
2011-08-28 08:25:05,1.2970212408166
2011-08-31 05:24:34,1.28375703533913
2011-09-03 01:03:43,1.20729429800872
2011-09-05 20:53:23,1.21157160083024
2011-09-08 19:26:13,1.07445972835067
2011-09-11 17:23:42,0.974060885983712
2011-09-14 16:01:58,0.935247985320794
2011-09-17 19:08:00,0.786910232421996
2011-09-20 15:23:56,0.898448496940729
2011-09-23 09:28:03,0.885968699153117
2011-09-26 13:22:01,0.845594066008844
2011-09-29 11:59:39,0.764756287919864
2011-10-02 15:18:59,0.817338774876534
2011-10-05 18:26:33,0.782786640251746
2011-10-08 23:17:43,0.748630673862214
2011-10-12 10:05:04,0.655342871489813
2011-10-15 18:35:59,0.648907307409531
2011-10-19 04:45:25,0.454608384564945
2011-10-22 12:03:53,0.462587893678226
2011-10-26 00:32:42,0.512749502514612
2011-10-29 16:01:34,0.553686851414617
2011-11-01 19:42:06,0.553138424333712
2011-11-04 15:56:41,0.538934322781616
2011-11-07 15:51:38,0.501120656386721
2011-11-10 11:10:31,0.52758163544193
2011-11-13 12:23:10,0.532396517562499
2011-11-16 06:23:49,0.458477433073304
2011-11-19 03:58:55,0.441804057378935
2011-11-22 08:05:03,0.431569463328119
2011-11-25 14:25:10,0.466684421392607
2011-11-28 21:42:54,0.481679055895732
2011-12-01 16:35:08,0.572595733645328
2011-12-04 16:41:10,0.591929406699583
2011-12-07 09:53:59,0.586487132798943
2011-12-10 04:28:04,0.58633317285234
2011-12-13 01:37:40,0.641734705343824
2011-12-16 02:11:45,0.617901078354996
2011-12-19 03:42:02,0.649816567626243
2011-12-22 00:10:24,0.847646693450494
2011-12-24 22:26:49,0.758755298531313
2011-12-27 12:22:02,0.815993525350104
2011-12-30 11:51:11,0.829354742415196
2012-01-02 06:32:19,1.0099027502292
2012-01-05 00:57:58,1.02650793084443
2012-01-07 12:57:08,1.34972772535773
2012-01-10 03:12:26,1.3243856379305
2012-01-13 00:35:01,1.30985857944854
2012-01-16 01:28:49,1.29155381694624
2012-01-18 20:12:55,1.27042904524152
2012-01-21 14:00:37,1.1956230781104
2012-01-24 11:20:13,1.17706492674478
2012-01-27 12:08:51,1.10667326158624
2012-01-30 05:02:43,1.04478685593541
2012-02-01 20:21:51,1.03561392897961
2012-02-04 10:37:19,1.11917058158271
2012-02-07 05:44:27,1.05802941890435
2012-02-10 03:26:02,1.07118439519932
2012-02-12 22:10:01,1.09226223960962
2012-02-15 20:49:36,1.00712529800546
2012-02-18 15:41:56,0.881106859540092
2012-02-21 10:09:11,0.847722359592077
2012-02-24 01:48:37,0.944004046265892
2012-02-26 20:04:39,0.954481654346566
2012-02-29 09:11:45,0.941089519322883
2012-03-03 07:41:27,0.943627516208938
2012-03-06 06:36:38,0.963305647810037
2012-03-09 03:31:54,0.953866118933085
2012-03-11 19:44:24,0.947949647416605
2012-03-14 13:32:58,1.03768891384247
2012-03-17 13:28:28,1.03064560131365
2012-03-20 05:52:18,0.99902404811851
2012-03-23 00:36:56,0.934187063713489
2012-03-25 19:10:10,0.909457803185497
2012-03-28 15:17:49,0.919298704360858
2012-03-31 11:03:47,0.951250878022282
2012-04-03 12:22:12,0.994379490575336
2012-04-06 19:23:22,0.972306858793651
2012-04-09 18:10:30,0.943222809819442
2012-04-12 19:17:24,0.964699997226763
2012-04-16 03:05:47,0.977381630901114
2012-04-19 03:17:24,1.01560832150499
2012-04-22 02:30:00,1.06386866796863
2012-04-25 02:49:18,1.01528776929467
2012-04-28 05:40:10,1.00108748231246
2012-04-30 19:05:59,0.981262936303612
2012-05-03 08:14:32,1.014974493442
2012-05-05 21:25:23,1.00867997235182
2012-05-08 08:21:05,1.00203337264096
2012-05-11 05:27:14,1.00211749087744
2012-05-14 05:05:49,0.983443031506098
2012-05-17 12:40:19,1.00295647579472
2012-05-20 10:42:51,1.01439241747278
2012-05-23 16:38:17,1.01584958814691
2012-05-26 20:25:20,1.02339911702818
2012-05-29 16:59:10,1.02543944160854
2012-06-01 17:32:57,1.04006012872208
2012-06-04 11:27:34,1.05140831374113
2012-06-07 06:23:45,1.09134051665104
2012-06-10 01:21:25,1.12817304120803
2012-06-12 20:03:52,1.10602269149293
2012-06-15 13:14:26,1.18602483654059
2012-06-18 07:50:07,1.27804612713183
2012-06-21 02:14:29,1.31120870114898
2012-06-23 22:32:18,1.31802185976321
2012-06-26 19:38:37,1.25558734972831
2012-06-29 14:10:36,1.29587738556593
2012-07-02 12:08:14,1.30098271296244
2012-07-05 06:38:19,1.27573825469607
2012-07-07 23:28:47,1.30287519510668
2012-07-10 17:26:58,1.34428481166724
2012-07-13 14:51:50,1.44952340092503
2012-07-16 11:15:58,1.52177683611902
2012-07-19 02:55:58,1.7846188497728
2012-07-22 02:19:11,1.78886413648165
2012-07-24 20:58:57,1.70534955922528
2012-07-27 14:47:00,1.65403604740678
2012-07-30 04:23:47,1.65239782241955
2012-08-02 07:20:05,1.75398808255881
2012-08-04 23:40:28,2.00332079231744
2012-08-07 20:48:10,1.98348946699612
2012-08-10 10:20:48,2.07689172626262
2012-08-13 02:57:20,2.04243697887691
2012-08-15 17:26:19,2.10733577260791
2012-08-18 16:42:08,2.52034500040695
2012-08-21 02:49:42,1.67970636602502
2012-08-23 18:39:23,1.67325472090619
2012-08-26 13:37:00,1.73517409519608
2012-08-29 08:58:24,1.81786281424486
2012-09-01 05:33:47,1.70360782244871
2012-09-03 22:02:24,1.63072780437913
2012-09-06 12:22:13,1.69815383632983
2012-09-09 08:31:21,1.76067022133788
2012-09-12 05:36:57,1.73839949785477
2012-09-15 06:43:06,1.80819875079608
2012-09-18 01:47:35,1.82689698510307
2012-09-20 23:55:13,1.89716399790551
2012-09-23 18:12:03,1.84984963283809
2012-09-26 15:44:40,1.81679595973387
2012-09-29 14:21:18,1.83241640985296
2012-10-02 16:44:44,1.83823055278036
2012-10-06 00:02:09,1.87582522642747
2012-10-08 23:45:47,1.80848172027627
2012-10-12 01:05:25,1.75212042810527
2012-10-15 01:29:55,1.72407206676103
2012-10-17 23:14:16,1.71435984441775
2012-10-20 21:37:13,1.7032538689137
2012-10-23 18:35:55,1.68547330652171
2012-10-26 17:22:08,1.63653640097823
2012-10-29 10:42:58,1.51569955373002
2012-11-01 14:45:13,1.58527866555449
2012-11-04 14:12:07,1.50557921920529
2012-11-07 16:23:19,1.55510025612949
2012-11-10 13:10:28,1.56139823319793
2012-11-13 16:31:40,1.57597458338549
2012-11-16 18:48:49,1.58633366331726
2012-11-19 21:10:55,1.65229624312813
2012-11-22 19:16:24,1.65725152376545
2012-11-25 17:09:00,1.72577324701444
2012-11-28 11:28:49,1.71865440894968
2012-12-01 08:13:09,1.73294243567446
2012-12-04 09:12:44,1.73767016123075
2012-12-07 20:32:02,1.83766146243135
2012-12-11 01:49:58,1.81138647674248
2012-12-14 07:25:07,1.8266027893007
2012-12-17 20:28:57,1.79452351683376
2012-12-21 03:59:25,1.79717545122512
2012-12-24 07:59:46,1.76337533285141
2012-12-27 09:04:58,1.75401587949921
2012-12-30 02:27:04,1.77996067008155
2013-01-01 16:56:39,1.76374073171689
2013-01-04 08:26:55,1.74690340816646
2013-01-07 05:12:16,1.75148256745842
2013-01-10 02:10:28,1.80350821413865
2013-01-13 07:01:00,1.83514273672759
2013-01-16 10:00:34,1.84994106142812
2013-01-19 15:15:16,2.00354080771708
2013-01-22 17:37:10,2.11529198054802
2013-01-25 14:21:21,2.30066682601433
2013-01-28 10:35:56,2.15542939114582
2013-01-31 04:14:04,2.3241093809951
2013-02-02 16:26:44,2.35476394740306
2013-02-05 02:54:02,2.30386887110794
2013-02-07 21:46:02,2.33597881401247
2013-02-10 17:06:27,2.52727347905156
2013-02-13 10:22:06,2.6147360547057
2013-02-15 21:02:31,2.74674754820065
2013-02-18 01:45:26,2.65266829777522
2013-02-20 14:04:58,2.84578247561929
2013-02-22 21:22:49,2.80347453744825
2013-02-25 08:00:10,2.74799713037739
2013-02-27 13:37:25,2.79171127752414
2013-03-02 00:50:23,2.88640037353212
2013-03-04 15:11:01,2.90961234992498
2013-03-07 08:54:03,3.30710967978128
2013-03-09 19:47:25,3.32552208321785
2013-03-12 07:04:10,3.52449511991356
2013-03-14 18:42:05,3.33269846885795
2013-03-17 03:59:45,3.26802568018785
2013-03-19 05:44:06,3.52687868468279
2013-03-21 07:47:29,4.19229956168665
2013-03-23 03:54:37,4.13014948501813
2013-03-25 04:54:00,4.08629657043668
2013-03-28 01:27:26,4.63232574221641
2013-03-30 07:59:10,4.34328271958969
2013-04-01 13:21:24,4.28600051866223
2013-04-03 20:22:08,4.69540914494166
2013-04-06 10:57:57,4.84679296015871
2013-04-08 22:02:47,5.02016291683615
2013-04-11 03:48:19,3.60771435475632
2013-04-13 14:36:13,2.92316495284393
2013-04-16 01:40:45,1.67541843193878
2013-04-18 11:42:36,2.38901546888599
2013-04-21 04:46:30,3.12341527801719
2013-04-23 17:18:21,3.0280307999951
2013-04-26 02:25:50,3.13254105391469
2013-04-28 14:04:32,2.78317434151046
2013-05-01 01:30:19,2.96021340856514
2013-05-03 22:16:40,2.20076123435559
2013-05-06 10:31:10,2.46946435144582
2013-05-08 20:32:10,2.37285587674537
2013-05-11 05:27:13,2.48417925815127
2013-05-13 13:20:02,2.42963457059177
2013-05-16 06:00:35,2.39812790299305
2013-05-18 22:22:16,2.56331010572719
2013-05-21 15:37:23,2.52222934813017
2013-05-24 03:29:25,2.60400070720892
2013-05-26 13:23:29,2.66598097767417
2013-05-29 01:27:56,2.58935537416069
2013-05-31 08:48:52,2.56354088076046
2013-06-02 09:24:55,2.55755749587963
2013-06-04 09:57:22,2.40366590483801
2013-06-06 11:18:07,2.37770461921683
2013-06-08 21:28:14,2.1717324566513
2013-06-11 08:00:05,2.06992431890419
2013-06-13 09:27:36,2.10391510306417
2013-06-15 16:54:43,1.94806951708762
2013-06-18 01:46:06,1.98719318933453
2013-06-20 22:03:18,2.0954041270281
2013-06-23 05:26:39,2.10234536869579
2013-06-25 20:09:37,1.99483137692709
2013-06-28 05:05:23,1.96950356575294
2013-06-30 14:07:53,1.83967409682777
2013-07-03 04:08:59,1.76238923457242
2013-07-05 11:31:41,1.55740449125485
2013-07-07 15:57:06,1.38485201423908
2013-07-09 17:47:46,1.50874111169363
2013-07-11 22:56:26,1.72770911850601
2013-07-14 12:33:52,1.91139796320921
2013-07-16 23:06:46,1.9150712720494
2013-07-19 08:34:25,1.75475550138506
2013-07-21 13:54:36,1.74390221375485
2013-07-24 01:06:42,1.86340371527281
2013-07-26 15:28:13,1.88574337946336
2013-07-29 01:43:36,1.91627430447422
2013-07-31 05:24:23,2.08831962337403
2013-08-02 11:10:10,2.01508218400632
2013-08-04 17:34:55,1.99774473792639
2013-08-06 20:23:36,2.02386287782461
2013-08-08 23:07:23,2.00501134481568
2013-08-10 22:44:19,1.94163641881011
2013-08-12 18:25:40,1.97927177460056
2013-08-15 05:39:35,1.85279190759437
2013-08-17 12:51:39,1.83529172290394
2013-08-19 18:05:23,1.85367657832171
2013-08-21 21:37:28,1.95394645385694
2013-08-23 19:23:44,2.03634890733975
2013-08-26 07:04:28,2.09718230427432
2013-08-28 17:05:27,2.16746567915087
2013-08-30 18:39:23,2.16793604384044
2013-09-01 15:03:51,2.33246166395313
2013-09-03 14:21:32,2.34074001824964
2013-09-05 20:24:55,2.18669979712639
2013-09-08 08:44:09,2.13961960074287
2013-09-10 12:46:13,2.14265397243741
2013-09-12 13:05:55,2.24084005135709
2013-09-14 12:57:33,2.2297261434779
2013-09-16 19:40:15,2.1893221744534
2013-09-19 05:00:04,2.20287620647023
2013-09-21 07:36:33,2.12081331001212
2013-09-23 07:51:23,2.11368114531547
2013-09-25 07:29:32,2.12257551529723
2013-09-27 13:59:18,2.13144264618313
2013-09-30 00:04:56,2.16561743864085
2013-10-02 09:07:29,2.16541785043678
2013-10-04 14:49:07,1.99831956726129
2013-10-06 16:33:27,2.05454231237101
2013-10-09 05:13:01,2.08292914454715
2013-10-11 09:41:40,2.12022799346393
2013-10-13 12:43:54,2.12623762942624
2013-10-15 06:16:35,2.24197436894418
2013-10-17 01:44:40,2.2685589272489
2013-10-19 07:43:52,2.73487019498498
2013-10-21 07:34:41,2.97202191228298
2013-10-23 04:27:22,2.92242908594479
2013-10-25 01:37:28,2.92218901665466
2013-10-27 01:44:18,2.5913983638229
2013-10-29 10:13:21,2.93941431080037
2013-10-31 14:50:27,2.87918741129512
2013-11-02 15:12:44,2.80834733404247
2013-11-04 16:21:34,2.87235262630864
2013-11-07 03:39:01,3.45550626656627
2013-11-10 00:11:11,4.00159889089395
2013-11-12 07:34:31,3.96146101296635
2013-11-14 14:51:26,4.25514362490802
2013-11-16 23:56:48,4.21774815859952
2013-11-19 11:29:25,5.90896261049299
2013-11-22 02:34:38,5.84014949990895
2013-11-24 13:18:33,5.70647199864106
2013-11-27 02:29:03,5.3112756286797
2013-11-29 10:35:22,5.10304898840828
2013-12-01 20:14:57,5.18095777758471
2013-12-04 04:26:41,4.65537689388996
2013-12-06 13:39:36,4.31871361135525
2013-12-08 18:56:20,2.90121984401194
2013-12-10 22:29:29,3.64626270556798
2013-12-13 11:36:18,3.45962332266772
2013-12-15 18:51:30,3.33573568246903
2013-12-18 00:07:42,2.68971286893826
2013-12-20 00:12:56,2.05560820909921
2013-12-22 10:57:40,2.3084686811917
2013-12-24 22:40:27,2.56314803176933
2013-12-27 08:34:13,2.83003817874233
2013-12-29 21:22:25,2.69298726169397
2014-01-01 05:12:00,2.75799630496682
2014-01-03 18:34:13,2.92103337775002
2014-01-06 06:29:01,3.29595219215559
2014-01-08 14:35:02,2.84292088999626
2014-01-10 18:38:21,2.93923408181866
2014-01-12 21:12:50,3.14492498194637
2014-01-15 08:30:49,2.8402247344378
2014-01-17 16:05:55,2.81292303914428
2014-01-20 04:05:33,2.88355645022515
2014-01-22 12:28:44,2.80784934879142
2014-01-24 19:39:41,2.74614835722472
2014-01-27 14:04:57,2.74402161206438
2014-01-30 06:21:22,2.66554937932271
2014-02-01 13:11:48,2.68118969379495
2014-02-03 19:57:58,2.70654996038257
2014-02-06 10:51:58,2.50358911841249
2014-02-08 22:30:05,2.27514026498587
2014-02-11 15:14:02,2.20591380777802
2014-02-14 04:21:09,1.95826416243524
2014-02-16 11:31:08,2.10340565454921
2014-02-19 02:08:52,2.01913186294303
2014-02-21 13:21:55,1.80949066349879
2014-02-24 03:35:50,1.96662333193806
2014-02-26 15:53:58,1.81796979985425
2014-03-01 02:12:59,1.79371774775281
2014-03-04 02:49:42,2.22199271183485
2014-03-06 22:35:24,2.17475155613779
2014-03-09 14:13:36,1.94946447495057
2014-03-12 08:27:38,1.93784606744415
2014-03-15 01:36:50,1.92675299722909
2014-03-17 15:46:27,1.93865441320836
2014-03-20 09:36:16,1.86289215330913
2014-03-22 22:06:59,1.74012187468279
2014-03-25 04:19:28,1.77722424064931
2014-03-27 21:26:20,1.75298235440107
2014-03-30 10:57:54,1.49198184477378
2014-04-02 00:59:45,1.39956137667194
2014-04-04 05:36:04,1.37545727030526
2014-04-06 19:11:56,1.42529659237006
2014-04-09 17:48:00,1.39716837186523
2014-04-12 11:37:07,1.31450936076434
2014-04-14 19:21:42,1.29734096525033
2014-04-17 10:13:37,1.62451830010186
2014-04-20 06:48:26,1.55529663431886
2014-04-22 21:17:03,1.53960413580885
2014-04-25 16:09:05,1.5473580723955
2014-04-28 07:14:20,1.35337869917788
2014-05-01 06:17:40,1.39690093065969
2014-05-04 02:13:28,1.35969926058784
2014-05-06 19:49:22,1.34037810410176
2014-05-09 14:57:46,1.35589004427077
2014-05-12 05:45:43,1.35626733428366
2014-05-14 23:29:14,1.36239581595336
2014-05-17 10:49:47,1.39393648698506
2014-05-20 04:05:16,1.39065866535868
2014-05-22 17:21:32,1.53074863176452
2014-05-25 08:38:03,1.63158476137032
2014-05-28 04:52:43,1.74853320269333
2014-05-30 20:53:10,1.72848287612375
2014-06-02 12:08:19,1.90627672202331
2014-06-04 18:25:45,2.00955497303827
2014-06-07 15:31:14,1.93660246068605
2014-06-10 11:22:44,1.92642974732335
2014-06-13 05:23:54,1.67470426261205
2014-06-15 17:30:50,1.66991600210503
2014-06-18 01:46:50,1.77219582532766
2014-06-20 16:29:21,1.73229444849298
2014-06-23 01:23:35,1.74125193938828
2014-06-25 08:40:06,1.6685435942432
2014-06-27 19:00:23,1.67338519110796
2014-06-30 09:23:16,1.73407440151971
2014-07-03 11:12:46,1.86737249543479
2014-07-06 05:14:51,1.80620483819775
2014-07-09 02:04:15,1.7858357276333
2014-07-11 22:23:07,1.75771761847304
2014-07-14 17:41:06,1.79358347455909
2014-07-17 12:05:24,1.75414223027922
2014-07-20 00:37:56,1.78753061182693
2014-07-22 22:00:39,1.76146985643322
2014-07-25 18:09:39,1.70646899422591
2014-07-28 17:00:20,1.67625258020914
2014-07-31 13:29:05,1.59163131898576
2014-08-03 08:17:31,1.66238923200516
2014-08-06 10:11:07,1.628396761041
2014-08-09 03:09:45,1.64651439299772
2014-08-11 14:50:17,1.64965005167547
2014-08-14 04:49:18,1.5352324241785
2014-08-16 16:08:11,1.40003193178019
2014-08-19 04:50:21,1.33073775011596
2014-08-21 17:55:51,1.4546649203055
2014-08-24 11:21:53,1.3890658391686
2014-08-27 05:00:08,1.44131480490057
2014-08-29 18:20:18,1.42624909335523
2014-09-01 05:50:03,1.34899627666259
2014-09-04 01:15:45,1.33774640969403
2014-09-06 20:01:06,1.36850779069995
2014-09-09 18:24:30,1.31980262440266
2014-09-12 10:56:09,1.34961891046714
2014-09-15 01:57:52,1.34044610722063
2014-09-17 15:26:10,1.31066621046699
2014-09-20 02:21:53,1.12284199920915
2014-09-22 16:45:24,1.14255304777629
2014-09-25 10:41:09,1.20826166194731
2014-09-28 09:45:39,1.14462114884203
2014-10-01 08:26:26,1.12053845621861
2014-10-04 09:07:55,1.03583132973254
2014-10-07 00:55:43,0.94512074356979
2014-10-09 23:40:52,1.04536099745406
2014-10-12 21:11:48,1.06289342114881
2014-10-15 20:19:47,1.18177865412192
2014-10-18 15:53:44,1.1258851651976
2014-10-21 17:16:37,1.12124232289263
2014-10-24 08:50:57,1.05121049920225
2014-10-27 09:12:42,1.04862827022882
2014-10-30 04:07:07,0.992030312807001
2014-11-01 15:04:31,1.00219424189843
2014-11-04 05:27:54,0.970675013719481
2014-11-07 01:51:20,1.04125869856444
2014-11-09 22:20:53,1.03371417936362
2014-11-12 20:08:15,1.10118452206386
2014-11-15 17:10:36,1.18482722240433
2014-11-18 13:24:18,1.15558468656401
2014-11-21 15:02:39,1.06212655806388
2014-11-24 12:27:43,1.09518442537161
2014-11-27 14:23:31,1.09546105771984
2014-11-30 09:20:59,1.13337043076306
2014-12-03 10:28:01,1.1473874252698
2014-12-06 08:30:43,1.140413197206
2014-12-09 13:18:03,1.10978377483051
2014-12-12 08:46:43,1.07019096129204
2014-12-15 11:03:59,1.09875311870393
2014-12-18 16:34:48,0.989338608623682
2014-12-21 19:59:09,1.02405653816138
2014-12-24 17:54:45,1.04786821872561
2014-12-27 08:39:28,1.02682734130888
2014-12-30 01:45:10,0.9771179652684
2015-01-01 18:50:44,1.00672300970108
2015-01-04 09:36:19,0.896452977432648
2015-01-07 05:03:38,0.907560623517481
2015-01-10 03:04:07,0.922890490815683
2015-01-13 00:51:45,0.858233025891937
2015-01-16 01:27:55,0.677381880838223
2015-01-19 00:14:39,0.645640775143451
2015-01-22 02:55:22,0.731796445864445
2015-01-25 11:01:59,0.8130249099175
2015-01-28 13:48:26,0.860932090552969
2015-01-31 11:50:51,0.743897064675256
2015-02-03 04:10:22,0.782476204828069
2015-02-06 01:08:15,0.715170258567225
2015-02-08 20:19:26,0.756908683231645
2015-02-11 14:50:57,0.72883839326541
2015-02-14 13:03:24,0.785235961051652
2015-02-17 09:07:25,0.777731832992231
2015-02-20 00:40:36,0.789513214332312
2015-02-22 20:06:22,0.815231322180213
2015-02-25 20:11:42,0.799173850102705
2015-02-28 19:02:44,0.840745550682503
2015-03-03 15:00:08,0.92095829184973
2015-03-06 13:53:17,0.911703947606555
2015-03-09 12:09:48,0.920553863842171
2015-03-12 11:41:19,0.991645475297452
2015-03-15 10:12:51,0.943402686054922
2015-03-18 10:24:31,0.951595751420434
2015-03-21 10:42:28,0.878706712821374
2015-03-24 06:28:28,0.892557454155233
2015-03-26 22:01:30,0.830941552385659
2015-03-29 14:39:42,0.851737009561723
2015-04-01 13:07:14,0.821664890967561
2015-04-04 08:15:03,0.8599916723925
2015-04-07 06:34:57,0.863141425062851
2015-04-10 10:49:35,0.823316399886341
2015-04-13 11:39:04,0.804110112880791
2015-04-16 10:21:48,0.76105091938572
2015-04-19 11:01:06,0.764953727056528
2015-04-22 08:41:19,0.808820304346607
2015-04-25 08:34:24,0.792531620344348
2015-04-28 07:15:55,0.779614844062333
2015-05-01 07:14:52,0.811033297102288
2015-05-04 05:58:36,0.823343635471776
2015-05-07 03:31:18,0.787845248954968
2015-05-10 05:34:23,0.833818963974023
2015-05-13 00:35:20,0.831288159690182
2015-05-15 20:41:43,0.818232646271694
2015-05-18 17:25:56,0.814315426676161
2015-05-21 15:29:52,0.809199863735979
2015-05-24 18:39:28,0.822540415977976
2015-05-27 18:16:20,0.816299793837724
2015-05-30 19:38:28,0.819633340199365
2015-06-02 16:03:53,0.778950745510004
2015-06-05 13:44:41,0.777928676719697
2015-06-08 07:31:42,0.776794802478995
2015-06-10 23:27:13,0.800512878705536
2015-06-13 22:10:55,0.803936062114129
2015-06-17 00:47:44,0.875608338383001
2015-06-19 17:43:07,0.86917869226908
2015-06-22 20:23:35,0.852715386864648
2015-06-25 16:20:15,0.841654000224019
2015-06-28 14:54:48,0.880495802237491
2015-07-01 12:22:04,0.919205570665328
2015-07-04 08:54:15,0.898537017792196
2015-07-07 00:25:47,0.941824546918282
2015-07-09 22:27:54,0.948342843838297
2015-07-12 19:13:28,1.02194105509993
2015-07-15 14:30:21,1.00769351239901
2015-07-18 11:56:04,0.978252352819862
2015-07-21 07:44:18,0.978076785590757
2015-07-24 06:06:25,0.969585090150928
2015-07-27 01:13:26,1.02566076180326
2015-07-29 23:20:29,1.02900138442943
2015-08-01 19:37:46,0.995474943446131
2015-08-04 13:31:58,0.98451747584643
2015-08-07 16:10:05,0.971061087266999
2015-08-10 11:09:45,0.933595660052702
2015-08-13 04:43:49,0.942920848565891
2015-08-16 04:08:31,0.922714344757219
2015-08-19 04:10:12,0.786235801998307
2015-08-21 20:34:20,0.836368066284444
2015-08-24 16:03:31,0.81267179923738
2015-08-27 14:07:00,0.808964538980789
2015-08-30 09:08:46,0.826134167097797
2015-09-02 03:21:10,0.820768214704476
2015-09-04 21:24:26,0.819448410265368
2015-09-07 18:26:32,0.866311181990015
2015-09-10 14:09:00,0.860012955903469
2015-09-13 11:35:01,0.847587425866448
2015-09-16 02:21:16,0.829800304791755
2015-09-19 00:26:39,0.841095017341131
2015-09-22 04:32:14,0.818852326984571
2015-09-25 00:34:42,0.848167333521653
2015-09-27 19:00:42,0.845548989986771
2015-09-30 13:53:34,0.858831595889509
2015-10-03 11:59:12,0.86419046029295
2015-10-06 07:49:12,0.876425094338075
2015-10-09 08:40:07,0.884875576770401
2015-10-12 06:39:49,0.900481388161395
2015-10-15 04:02:17,0.927829805061332
2015-10-17 23:58:29,0.987744664368993
2015-10-20 21:49:38,0.986253732842753
2015-10-23 18:19:31,1.00838887395854
2015-10-26 14:18:19,1.03431170951587
2015-10-29 12:26:35,1.11836852740539
2015-11-01 01:40:50,1.13776132474785
2015-11-03 20:06:38,1.51887920106392
2015-11-06 15:14:09,1.31589301790952
2015-11-09 12:41:13,1.28847811982203
2015-11-12 03:40:15,1.11787692784971
2015-11-14 20:15:41,1.16094245075346
2015-11-17 08:44:37,1.17484021509305
2015-11-20 09:42:56,1.10898202589635
2015-11-22 18:32:49,1.12529935884394
2015-11-25 08:59:55,1.11370028976947
2015-11-28 01:45:14,1.2563192916543
2015-11-30 19:59:25,1.30795332698845
2015-12-03 07:47:37,1.27593777272696
2015-12-06 00:46:53,1.36100174850003
2015-12-08 16:59:26,1.36980193408443
2015-12-10 21:07:23,1.42621814498888
2015-12-13 09:28:24,1.47474125802429
2015-12-15 16:35:33,1.55140273619479
2015-12-18 05:47:20,1.53754566913382
2015-12-20 18:36:56,1.4905601185089
2015-12-23 10:47:25,1.46897767033868
2015-12-26 04:23:06,1.51150314228703
2015-12-28 11:25:42,1.41747974198556
2015-12-31 02:40:34,1.40207477718741
2016-01-03 00:14:38,1.44845148106638
2016-01-05 13:51:10,1.42999491161196
2016-01-08 07:13:29,1.51080725429191
2016-01-10 18:55:48,1.47354493368995
2016-01-13 05:13:27,1.41887837013035
2016-01-16 05:38:19,1.23271214037056
2016-01-18 19:38:25,1.27579467020198
2016-01-21 15:30:43,1.36327354883445
2016-01-24 00:27:58,1.29360168577022
2016-01-26 11:13:36,1.30819571444819
2016-01-29 02:39:59,1.21003961837023
2016-01-31 11:46:42,1.24870955567423
2016-02-02 20:38:15,1.23943229762779
2016-02-05 04:57:46,1.28451877623569
2016-02-07 09:25:14,1.24869610705279
2016-02-09 19:08:04,1.24567920403185
2016-02-12 01:49:22,1.25748750900418
2016-02-14 15:45:11,1.32230505778715
2016-02-17 08:05:45,1.35786243621703
2016-02-19 21:30:10,1.38405957402649
2016-02-22 21:01:50,1.44791619047456
2016-02-25 20:09:40,1.38921348436009
2016-02-28 16:17:58,1.42060702951627
2016-03-02 14:55:55,1.40687297729348
2016-03-05 06:00:26,1.33211736158883
2016-03-08 03:09:05,1.34574937000903
2016-03-10 15:47:35,1.35012401104001
2016-03-13 07:57:03,1.34282913890646
2016-03-15 23:50:04,1.35287282444013
2016-03-18 18:08:48,1.32618306882941
2016-03-21 15:53:58,1.33129676299865
2016-03-24 09:07:00,1.34260051587371
2016-03-27 01:27:17,1.34883589883446
2016-03-29 15:31:59,1.33811364457619
2016-04-01 12:11:37,1.3421984238762
2016-04-04 05:08:13,1.3546101801527
2016-04-06 19:33:31,1.35905892085098
2016-04-09 12:39:52,1.34188605818856
2016-04-12 00:46:17,1.3578174171132
2016-04-14 13:51:30,1.35884938437233
2016-04-17 06:52:35,1.37675409311598
2016-04-20 02:06:43,1.39538546480131
2016-04-22 17:28:26,1.43146735440714
2016-04-25 15:49:36,1.47151614945988
2016-04-28 13:46:21,1.42124653928374
2016-05-01 05:56:16,1.42291858003998
2016-05-03 21:25:21,1.42422114345655
2016-05-06 11:01:42,1.42442203237026
2016-05-08 22:59:40,1.44408292022586
2016-05-11 11:58:11,1.4271171982389
2016-05-14 06:14:02,1.43267915069152
2016-05-17 02:48:04,1.42386925531324
2016-05-20 00:41:37,1.35549325720202
2016-05-22 15:34:06,1.37107040868062
2016-05-25 02:53:05,1.39303596714925
2016-05-28 01:17:10,1.48185190726304
2016-05-30 20:58:11,1.70689120626108
2016-06-02 19:24:08,1.64168075186159
2016-06-05 16:02:29,1.75146985250936
2016-06-08 06:46:48,1.73302270587849
2016-06-10 22:26:42,1.73829151617943
2016-06-13 13:33:00,2.12286269051995
2016-06-16 06:43:20,2.12651436107709
2016-06-18 22:36:23,2.1277803646043
2016-06-21 09:06:34,2.01602575702173
2016-06-24 07:01:25,1.8392631438729
2016-06-27 00:04:57,1.76959448254645
2016-06-29 19:38:15,1.79780482941761
2016-07-02 11:02:21,1.94851663852591
2016-07-05 05:20:41,1.87835057415615
2016-07-08 01:01:36,1.79792912429246
2016-07-10 17:13:22,1.79297364102101
2016-07-13 14:27:31,1.82526977668619
2016-07-16 11:52:29,1.83945299547291
2016-07-19 02:48:55,1.85567802097493
2016-07-22 00:48:20,1.82466615392819
2016-07-25 05:05:36,1.80767007184818
2016-07-28 07:48:55,1.79434612795653
2016-07-31 05:43:58,1.72569674373199
2016-08-02 19:50:29,1.58732830694213
2016-08-05 09:37:31,1.55436888129465
2016-08-07 20:16:38,1.59955130295593
2016-08-10 14:04:31,1.63693574484238
2016-08-13 07:01:23,1.61230970914448
2016-08-15 17:28:51,1.54685656518397
2016-08-18 17:54:49,1.57568380479499
2016-08-21 08:13:13,1.59199727155133
2016-08-23 23:36:10,1.59088265519608
2016-08-26 21:08:23,1.57494736392261
2016-08-29 12:47:50,1.56746007227855
2016-09-01 08:57:17,1.55185334459588
2016-09-04 05:30:31,1.63059369369116
2016-09-06 20:24:10,1.65764056893281
2016-09-09 14:22:22,1.67833755340452
2016-09-12 03:53:05,1.62922608322298
2016-09-14 16:00:14,1.64454431585293
2016-09-17 05:58:05,1.63331762496814
2016-09-20 00:43:11,1.63916747519868
2016-09-22 15:01:54,1.60348365109395
2016-09-25 05:06:36,1.61696557771484
2016-09-27 18:15:22,1.62910463434488
2016-09-30 10:59:07,1.62437567398098
2016-10-03 03:26:12,1.63839093070012
2016-10-05 17:07:25,1.63985609866793
2016-10-08 06:17:46,1.65362186632683
2016-10-10 22:08:18,1.6427336314467
2016-10-13 20:16:01,1.69110857377623
2016-10-16 19:23:46,1.69945075438114
2016-10-19 15:08:10,1.65682697556401
2016-10-22 11:02:59,1.68692073544827
2016-10-25 05:29:41,1.71705264102211
2016-10-27 22:33:11,1.7901220167062
2016-10-30 14:55:31,1.84227073798104
2016-11-02 08:52:14,1.90356917338501
2016-11-05 04:46:43,1.81213992468004
2016-11-07 21:51:02,1.818855626886
2016-11-10 11:20:49,1.8468720674086
2016-11-12 21:16:15,1.81330946996953
2016-11-15 11:14:52,1.82580495073573
2016-11-17 19:08:34,1.89784014113208
2016-11-20 16:13:58,1.8530794948849
2016-11-23 11:57:26,1.87358531460687
2016-11-26 04:58:35,1.86249466561871
2016-11-28 19:04:40,1.83975328278832
2016-12-01 10:54:18,1.87741957357284
2016-12-04 02:12:31,1.89205820038324
2016-12-06 17:50:55,1.87587828911965
2016-12-09 06:32:52,1.89535413717681
2016-12-11 23:08:25,1.88894258753096
2016-12-14 09:50:05,1.90858477366969
2016-12-17 11:32:11,1.92298876148015
2016-12-20 03:39:46,1.91926163107875
2016-12-22 19:23:39,2.08136433378051
2016-12-25 12:03:11,2.07981634251108
2016-12-28 03:45:59,2.25265293137455
2016-12-30 17:13:07,2.24084120600287
2017-01-02 10:41:52,2.35338510075402
2017-01-04 21:01:28,2.58657150343413
2017-01-07 12:45:19,1.96881483143926
2017-01-10 06:42:45,2.0215449450059
2017-01-12 16:23:17,1.72913378183133
2017-01-15 04:19:57,1.81774716438153
2017-01-17 15:32:57,1.97156856207244
2017-01-20 02:48:27,1.99841499510279
2017-01-22 07:37:08,2.06356286144264
2017-01-24 22:23:49,1.99024084885966
2017-01-27 12:02:16,2.02312121860712
2017-01-29 22:50:34,2.01287475845462
2017-02-01 12:40:08,2.1223112028703
2017-02-04 01:39:29,2.2145469782069
2017-02-06 19:27:46,2.20345715293398
2017-02-09 11:54:19,2.28208117834934
2017-02-12 05:13:04,2.13506705015775
2017-02-14 17:55:20,2.14157906624121
2017-02-17 11:13:22,2.21943028649393
2017-02-20 07:01:50,2.20959319605924
2017-02-23 04:30:34,2.33459080075289
2017-02-25 17:29:05,2.38059344380143
2017-02-28 05:04:06,2.42728429265934
2017-03-02 18:51:50,2.54094476122073
2017-03-05 13:46:24,2.51412533973673
2017-03-08 06:56:21,2.36139992397631
2017-03-11 00:10:53,2.1531003527921
2017-03-13 14:53:22,2.43967159094056
2017-03-16 09:41:28,2.39697892881171
2017-03-18 22:07:23,1.84509702200754
2017-03-21 15:28:36,2.09999745186808
2017-03-24 06:56:59,1.92017227359975
2017-03-26 20:43:25,1.87556060278795
2017-03-29 14:35:32,2.02400166243877
2017-04-01 10:06:11,2.08700042204917
2017-04-03 20:39:56,2.17546266295646
2017-04-06 16:59:46,2.19888092477544
2017-04-09 08:05:27,2.22053840424975
2017-04-11 22:27:38,2.28477896144338
2017-04-14 21:04:09,2.20269752766131
2017-04-17 14:47:20,2.19305434222072
2017-04-20 11:54:39,2.23725292740455
2017-04-23 02:49:27,2.25950899445155
2017-04-25 23:44:14,2.31409794017905
2017-04-28 19:02:23,2.33941405772862
2017-05-01 06:19:32,2.47624744638364
2017-05-03 23:17:31,2.63007721362537
2017-05-06 13:11:32,2.67833205863491
2017-05-08 22:11:25,2.77842451575378
2017-05-11 14:21:38,3.0475509434879
2017-05-14 05:54:21,2.87936663976495
2017-05-16 20:59:26,2.79469275296038
2017-05-19 13:39:43,3.05333682749931
2017-05-22 00:34:23,3.13041323562051
2017-05-24 15:48:19,3.49482118049618
2017-05-27 04:33:10,3.1652553481176
2017-05-29 16:45:17,3.13102944575542
2017-06-01 00:19:49,3.13938972776859
2017-06-03 09:37:51,3.32372034441366
2017-06-05 19:55:03,3.44007153957536
2017-06-08 07:25:08,3.55611335524374
2017-06-10 23:46:54,3.5767983367399
2017-06-13 18:52:27,3.26977532615071
2017-06-16 11:14:37,2.94168777539322
2017-06-19 06:28:30,3.01324980901999
2017-06-22 02:46:07,3.03160614183344
2017-06-24 19:33:33,2.89408312144083
2017-06-27 18:00:59,2.64726960568333
2017-06-30 15:58:01,2.79008852809191
2017-07-02 22:42:43,2.78462986437815
2017-07-05 10:25:50,2.79906683307731
2017-07-08 04:26:46,2.70288581556582
2017-07-10 14:35:07,2.61577931711594
2017-07-12 21:50:56,2.55823211948432
2017-07-15 17:18:40,2.21845395561392
2017-07-18 06:25:16,2.40715490632772
2017-07-20 18:03:38,2.7733024145178
2017-07-23 08:00:40,2.834751279711
2017-07-25 18:58:42,2.62714147078568
2017-07-28 11:02:04,2.8012950746363
2017-07-31 02:07:27,2.59451120695956
2017-08-02 18:20:21,2.48286670762648
2017-08-05 06:32:36,2.75868829779536
2017-08-07 20:20:23,2.81694040853901
2017-08-10 13:59:07,2.73976681243122
2017-08-13 12:10:40,3.12548661195313
2017-08-16 10:18:52,3.11490602760068
2017-08-18 22:51:37,2.94821708185265
2017-08-21 23:17:33,2.83723636744853
2017-08-25 11:13:55,2.99675737603763
2017-08-28 14:41:05,2.92257961053397
2017-08-31 07:27:09,3.03035077740994
2017-09-02 15:24:10,2.9211982266867
2017-09-05 01:46:24,2.69828624237758
2017-09-07 07:06:41,2.81530320724028
2017-09-09 15:03:58,2.6528287925353
2017-09-12 03:33:39,2.60305111312203
2017-09-14 05:31:54,2.32962818088785
2017-09-16 14:06:46,2.24536545234881
2017-09-19 03:09:44,2.45020927815976
2017-09-21 20:35:14,2.2174119237334
2017-09-24 11:02:22,2.21552520821266
2017-09-27 08:46:55,2.3666496558471
2017-09-29 19:47:28,2.47508956606549
2017-10-02 18:00:06,2.57705016507025
2017-10-05 07:52:32,2.414357689834
2017-10-08 00:57:29,2.57213965298507
2017-10-10 08:41:58,2.74676288542947
2017-10-13 01:26:43,3.03691128128748
2017-10-15 16:35:32,3.00750112060655
2017-10-18 00:40:06,2.96000987628839
2017-10-20 08:34:20,2.94089506651486
2017-10-22 19:14:33,3.07773262298521
2017-10-25 02:36:47,2.74583019749264
2017-10-27 14:16:22,2.85261125328989
2017-10-30 20:14:22,2.96756215857663
2017-11-02 12:38:05,3.40604058067312
2017-11-05 13:39:45,3.44583077211984
2017-11-08 08:07:41,3.30538064942087
2017-11-11 09:00:40,2.88460822277697
2017-11-15 00:00:41,2.7484293818586
2017-11-17 13:48:03,3.12518981495694
2017-11-20 06:13:21,3.13687508106258
2017-11-22 14:26:07,3.11644575552991
2017-11-25 06:10:21,3.05658680604449
2017-11-27 17:54:37,3.45159042468264
2017-11-30 04:14:18,3.53027723921807
2017-12-02 12:11:30,3.62917327288925
2017-12-04 19:08:41,3.59089656478328
2017-12-07 00:10:58,4.22434833877885
2017-12-09 13:30:58,4.11035000507858
2017-12-11 22:00:52,4.50318855720997
2017-12-14 06:20:11,3.98009430214795
2017-12-16 13:15:13,4.21924727584742
2017-12-18 19:32:31,4.11952363706678
2017-12-21 12:02:05,3.55444958424657
2017-12-24 08:43:44,3.04782509787177
2017-12-27 03:29:49,3.32472982526816
2017-12-29 17:22:34,2.97016024522813
2018-01-01 06:24:42,2.75904956048746
2018-01-03 19:09:30,2.9674562929796
2018-01-06 07:32:27,3.22726003081377
2018-01-08 17:53:45,2.76088316528977
2018-01-11 04:07:04,2.68516306274746
2018-01-13 08:06:40,2.6566264674256
2018-01-15 23:24:41,2.58777371615116
2018-01-18 09:12:50,2.00449097987882
2018-01-20 17:28:03,2.35182429865833
2018-01-23 00:29:20,2.00374382838516
2018-01-25 05:47:13,2.184978387939
2018-01-27 19:42:38,2.14383028289882
2018-01-30 09:50:32,2.05261742520828
2018-02-02 04:43:23,1.66659863466365
2018-02-04 15:42:18,1.65515421964333
2018-02-06 20:55:16,1.37865871172579
2018-02-09 18:21:39,1.6194810276224
2018-02-12 10:56:14,1.69950285532949
2018-02-14 20:18:52,1.79937792095671
2018-02-17 11:55:12,2.05252978293284
2018-02-20 00:54:59,2.12193778955482
2018-02-22 13:39:41,1.94608886038092
2018-02-25 07:23:48,1.82545177991192
2018-02-27 21:19:30,1.99682685856503
2018-03-02 10:45:16,2.07086083473606
2018-03-04 20:12:15,2.10751387849824
2018-03-07 10:43:51,1.94880640817485
2018-03-10 01:37:51,1.72138713532049
2018-03-12 17:05:36,1.71551856805038
2018-03-15 08:46:11,1.47131656757191
2018-03-18 00:51:49,1.50978629459045
2018-03-20 18:59:11,1.66319313517223
2018-03-23 15:02:42,1.57904661102698
2018-03-26 07:20:34,1.5966308369599
2018-03-29 02:42:11,1.50665562461569
2018-03-31 18:49:10,1.36223905291592
2018-04-03 08:36:10,1.415472878539
2018-04-05 21:21:41,1.29875554841968
2018-04-08 10:39:15,1.34729107424766
2018-04-10 23:57:15,1.31376443171444
2018-04-13 11:38:21,1.5561802963221
2018-04-16 03:20:34,1.57407905303489
2018-04-18 16:56:23,1.54453540212803
2018-04-21 06:05:16,1.70431430398244
2018-04-23 18:32:21,1.70505060291828
2018-04-26 14:27:36,1.6797166747063
2018-04-29 10:28:09,1.77130138633555
2018-05-02 01:46:03,1.71634627401016
2018-05-04 18:27:31,1.82818683400637
2018-05-07 13:56:13,1.76490454252979
2018-05-10 04:37:19,1.76067495856367
2018-05-12 22:29:19,1.58823614242447
2018-05-15 18:08:29,1.60599213452757
2018-05-18 09:01:09,1.52211912971861
2018-05-21 00:59:19,1.59776059851618
2018-05-23 16:47:59,1.44834830101932
2018-05-26 02:44:21,1.39803591199557
2018-05-28 14:33:35,1.36949523184955
2018-05-31 04:31:51,1.38763163149851
2018-06-02 13:14:33,1.44169668315118
2018-06-04 22:38:57,1.42253386928535
2018-06-07 11:50:19,1.45448777985485
2018-06-10 06:51:09,1.38407462932468
2018-06-13 04:10:44,1.24730807266972
2018-06-15 20:10:53,1.25168354135975
2018-06-18 08:09:27,1.23209498478915
2018-06-20 21:59:36,1.29331175132351
2018-06-23 11:22:47,1.18010189746601
2018-06-25 20:48:06,1.2052045804604
2018-06-28 16:27:24,1.18666330392271
2018-07-01 09:52:13,1.24342052129467
2018-07-04 09:59:26,1.27169643982332
2018-07-07 03:58:22,1.28855456853103
2018-07-09 20:09:25,1.31448476512411
2018-07-12 16:23:50,1.21089428245661
2018-07-15 15:56:36,1.24757384214309
2018-07-18 09:48:14,1.44840255150226
2018-07-20 19:31:39,1.44450571103526
2018-07-23 08:37:42,1.51645802138141
2018-07-25 17:19:14,1.59590144253774
2018-07-28 05:33:20,1.60546592245946
2018-07-30 20:40:06,1.5775296209086
2018-08-02 12:23:06,1.47444656994828
2018-08-04 20:54:56,1.36476451484314
2018-08-07 14:51:46,1.38098384455894
2018-08-10 04:22:00,1.26938327742974
2018-08-12 12:48:44,1.24755317432105
2018-08-15 06:50:18,1.24143951333985
2018-08-17 19:15:59,1.28502885717786
2018-08-20 10:22:55,1.26560766039045
2018-08-23 01:15:12,1.26543489288365
2018-08-25 20:25:38,1.32253893111905
2018-08-28 03:04:40,1.35457165593072
2018-08-30 20:19:28,1.33956841903688
2018-09-02 11:49:39,1.42815063812704
2018-09-05 10:09:36,1.39568222563339
2018-09-08 02:56:13,1.26346133610644
2018-09-10 17:42:02,1.23270848231459
2018-09-13 10:58:45,1.27038201890123
2018-09-16 08:12:37,1.27448701543777
2018-09-19 03:31:46,1.25351571237329
2018-09-21 20:02:59,1.33612225173455
2018-09-24 11:47:37,1.31138071559163
2018-09-27 02:52:27,1.28813834586462
2018-09-29 17:42:13,1.29904098987879
2018-10-02 07:13:18,1.30414780039446
2018-10-05 02:35:32,1.30719219332163
2018-10-08 04:30:47,1.30654356131896
2018-10-11 01:51:54,1.30010454233742
2018-10-13 20:16:42,1.23766524703939
2018-10-16 19:45:41,1.28823511788077
2018-10-19 17:02:07,1.27999825523292
2018-10-22 10:50:35,1.29075845005002
2018-10-25 10:24:39,1.2913062514583
2018-10-28 05:50:40,1.29354872097447
2018-10-30 23:47:30,1.26728959380327
2018-11-02 13:13:20,1.28392163717729
2018-11-05 08:58:25,1.29937059709309
2018-11-08 08:20:14,1.30692555531857
2018-11-11 11:35:27,1.28588859193075
2018-11-14 09:20:23,1.27206323928401
2018-11-17 12:13:24,1.11835831709254
2018-11-20 14:13:40,0.904963764374769
2018-11-23 22:15:27,0.878584033143355
2018-11-27 03:00:44,0.772923624340953
2018-11-30 13:50:37,0.831158433902346
2018-12-04 00:30:00,0.810788891772457
2018-12-07 00:23:10,0.764069430721473
2018-12-10 06:36:10,0.75765060031448
2018-12-13 11:32:43,0.731178744369564
2018-12-16 08:59:27,0.702079909136338
2018-12-19 05:43:14,0.816921423030283
2018-12-22 01:30:43,0.839690161736811
2018-12-24 08:48:33,0.916687526389041
2018-12-26 22:30:05,0.825863155435119
2018-12-29 08:04:24,0.856086001912641
2018-12-31 20:29:19,0.827782184158464
2019-01-03 15:14:39,0.84963302670016
2019-01-06 04:04:20,0.83938691281943
2019-01-08 20:50:43,0.885975962323032
2019-01-11 09:22:49,0.813525798968677
2019-01-14 05:33:05,0.788240693949244
2019-01-17 03:53:47,0.807884549037856
2019-01-20 03:33:42,0.829520574623038
2019-01-22 22:09:53,0.806418352897302
2019-01-25 13:44:56,0.796833567699938
2019-01-28 09:20:02,0.775694663972173
2019-01-31 05:54:48,0.781051870507894
2019-02-02 19:50:35,0.778096445639796
2019-02-05 15:09:30,0.777725640759625
2019-02-08 00:48:12,0.765506531539836
2019-02-10 15:50:04,0.820989682014333
2019-02-13 15:21:38,0.816618824445478
2019-02-16 11:34:06,0.820329751540276
2019-02-18 22:11:04,0.885418896160753
2019-02-21 21:40:12,0.891167435324389
2019-02-24 14:20:02,0.94271575358872
2019-02-27 11:12:05,0.8744022372217
2019-03-01 22:36:00,0.879904407757717
2019-03-04 19:07:50,0.853884357002053
2019-03-07 16:42:25,0.892387259876733
2019-03-10 11:09:28,0.895190963131476
2019-03-13 09:46:36,0.890958730069523
2019-03-16 01:47:24,0.900099197914741
2019-03-18 15:55:42,0.915815909388619
2019-03-21 03:25:26,0.929724255982916
2019-03-23 18:01:34,0.917704681070327
2019-03-26 11:25:50,0.903193065848669
2019-03-29 06:02:03,0.929729429156399
2019-04-01 01:54:19,0.947701786450438
2019-04-03 19:59:08,1.18060439295315
2019-04-06 13:18:06,1.14986412225001
2019-04-09 08:32:52,1.20025086050943
2019-04-12 01:11:24,1.15279160082057
2019-04-14 23:08:09,1.1857284806923
2019-04-17 18:59:51,1.19865148348865
2019-04-20 13:18:16,1.21638640626966
2019-04-23 09:11:26,1.26636193481926
2019-04-26 04:15:14,1.18854277804384
2019-04-28 20:25:57,1.17639917283378
2019-05-01 09:18:12,1.21069479751272
2019-05-03 18:51:29,1.29885591963248
2019-05-06 16:44:38,1.29362689767435
2019-05-09 11:50:40,1.37914101294752
2019-05-12 11:09:09,1.64393578033315
2019-05-14 23:16:50,1.76928781411399
2019-05-17 15:57:42,1.57636541231265
2019-05-20 03:30:39,1.74488114933106
2019-05-22 17:21:43,1.74303297567313
2019-05-25 04:55:08,1.74959669621087
2019-05-27 19:38:06,1.9123195499916
2019-05-30 04:59:53,1.85728506578769
2019-06-02 01:14:46,1.82219219033817
2019-06-05 00:50:17,1.6312613916496
2019-06-07 14:46:06,1.69712348513938
2019-06-10 08:44:58,1.63862500464096
2019-06-13 04:05:56,1.71963966787168
2019-06-15 16:21:33,1.85520873604572
2019-06-18 14:17:58,1.92319191576433
2019-06-21 02:19:19,2.02798741466844
2019-06-23 17:07:44,2.19535272436963
2019-06-26 03:59:14,2.42281400217919
2019-06-28 19:28:50,2.36796430434876
2019-07-01 05:37:16,2.18089317075949
2019-07-03 18:42:40,2.19388255650132
2019-07-06 00:25:05,2.14185182848062
2019-07-08 09:55:18,2.30662535263455
2019-07-11 02:26:38,2.29117830630378
2019-07-13 20:48:48,2.13008112854244
2019-07-16 13:42:18,2.00003298254968
2019-07-19 15:49:08,1.95726882345127
2019-07-22 03:23:35,2.00780432831873
2019-07-24 20:04:11,1.81869448286829
2019-07-27 11:09:06,1.78824023564232
2019-07-29 19:58:18,1.75639475594417
2019-08-01 10:24:59,1.84108645179383
2019-08-03 21:52:13,2.00544263406439
2019-08-06 11:14:12,2.14196572589737
2019-08-09 03:41:18,2.16004477593514
2019-08-11 19:54:23,2.05548320009756
2019-08-14 13:55:36,1.90452956009509
2019-08-17 06:05:38,1.86694469837012
2019-08-20 01:33:48,1.95850840042958
2019-08-22 21:35:00,1.82635147022376
2019-08-25 11:44:11,1.81349676184379
2019-08-28 05:28:11,1.79832321519349
2019-08-30 18:38:02,1.70225801378467
2019-09-02 08:55:41,1.74406387201664
2019-09-05 01:24:48,1.87526426501727
2019-09-07 14:34:40,1.83262624718825
2019-09-10 01:43:59,1.82143103617401
2019-09-12 08:14:49,1.76893492247901
2019-09-14 21:05:54,1.82713916070874
2019-09-17 11:33:48,1.78266858879419
2019-09-20 00:05:48,1.7983900257179
2019-09-22 12:57:45,1.74821408904375
2019-09-25 08:23:55,1.46158590925645
2019-09-27 22:35:38,1.44988547355472
2019-09-30 19:03:37,1.46056196584846
2019-10-03 12:49:48,1.4538701328508
2019-10-06 04:33:06,1.42658818895692
2019-10-08 18:16:13,1.44637513580045
2019-10-11 09:20:48,1.48523946145802
2019-10-14 06:02:44,1.46574165687492
2019-10-17 01:08:37,1.41052439684892
2019-10-19 15:45:44,1.4160152557715
2019-10-22 07:03:00,1.45131453761884
2019-10-24 20:12:38,1.32154977504021
2019-10-27 21:44:08,1.71822966772694
2019-10-30 22:11:08,1.61410575274445
2019-11-02 20:21:13,1.63181211317007
2019-11-05 20:33:38,1.64356541606939
2019-11-08 18:47:54,1.53767789421254
2019-11-11 12:13:13,1.52925235641889
2019-11-14 06:27:54,1.52182276854152
2019-11-16 19:40:41,1.48829801988213
2019-11-19 14:26:22,1.41068838284134
2019-11-22 12:03:51,1.24545755399365
2019-11-25 03:16:15,1.1879067064249
2019-11-28 03:18:17,1.33451455447558
2019-12-01 03:17:06,1.31530524822697
2019-12-03 18:56:43,1.30388490436089
2019-12-06 09:58:11,1.31308149188464
2019-12-09 01:38:41,1.33951831148309
2019-12-11 20:33:51,1.28092629617092
2019-12-14 14:10:06,1.27733870470301
2019-12-17 11:30:23,1.22848381680503
2019-12-20 05:27:17,1.2777595474523
2019-12-22 13:05:27,1.28324204121464
2019-12-25 11:10:19,1.29421698766048
2019-12-28 05:21:48,1.30760800783203
2019-12-30 16:19:10,1.31042655728708
2020-01-02 06:03:30,1.27909178776157
2020-01-04 19:32:35,1.32073139356936
2020-01-07 09:08:36,1.41699160658507
2020-01-09 22:04:28,1.40306603868653
2020-01-12 11:23:50,1.45926342149361
2020-01-15 05:27:40,1.56048747148053
2020-01-17 18:04:11,1.58084816229714
2020-01-20 14:31:01,1.52813924536587
2020-01-23 04:17:39,1.52680872389888
2020-01-25 17:59:37,1.48050612714619
2020-01-28 13:47:05,1.61094542117576
2020-01-31 04:03:56,1.66895042177431
2020-02-02 21:25:41,1.66718695939047
2020-02-05 14:37:42,1.66548626944678
2020-02-08 11:40:10,1.714021256934
2020-02-11 08:39:11,1.70038337360911
2020-02-14 04:03:05,1.77985287809248
2020-02-17 00:20:06,1.71026203775316
2020-02-19 17:56:17,1.75104790533223
2020-02-22 12:00:51,1.66412975798669
2020-02-25 07:40:21,1.64770783823305
2020-02-28 03:09:11,1.53369539729484
2020-03-01 16:05:27,1.4787996524574
2020-03-04 06:24:38,1.52221971602319
2020-03-06 18:33:12,1.56662875516205
2020-03-09 07:20:57,1.37064074986776
2020-03-12 06:29:25,1.32447947304714
2020-03-15 07:41:03,0.936534862921884
2020-03-18 18:31:02,0.939881394946058
2020-03-22 06:11:51,1.13809234607083
2020-03-25 19:08:47,1.19955463149496
2020-03-28 08:35:07,1.11291860672169
2020-03-31 03:48:14,1.17816752047738
2020-04-02 17:50:41,1.23691657603377
2020-04-05 10:04:15,1.22835379013437
2020-04-07 23:13:18,1.29852532163107
2020-04-10 14:16:07,1.25146403704663
2020-04-13 02:56:29,1.21633554631779
2020-04-15 10:29:08,1.2443297603123
2020-04-18 05:12:03,1.28940234404133
2020-04-20 18:29:49,1.24890952149953
2020-04-23 13:26:17,1.30586511516065
2020-04-26 11:20:19,1.39008111664759
2020-04-29 04:49:49,1.41814039073477
2020-05-02 01:26:27,1.58340604512119
2020-05-04 14:35:16,1.58012294223005
2020-05-07 05:39:58,1.65377565382849
2020-05-10 01:03:44,1.53463513883629
2020-05-12 12:46:48,1.55725966169641
2020-05-15 20:11:55,1.64583204423326
2020-05-19 06:10:46,1.68642241967298
2020-05-22 13:57:21,1.60793884106605
2020-05-25 20:33:13,1.56919617639401
2020-05-28 23:37:50,1.66458172389605
2020-05-31 18:14:03,1.66427424890247
2020-06-03 19:20:23,1.67603988068405
2020-06-06 05:12:51,1.67488758724364
2020-06-08 12:27:07,1.69918247848732
2020-06-10 22:45:59,1.71315136795201
2020-06-13 06:05:31,1.63304836180621
2020-06-15 20:20:46,1.63672686310334
2020-06-18 17:44:17,1.62675108713428
2020-06-21 15:09:09,1.61734076656006
2020-06-24 07:41:01,1.66964333244728
2020-06-26 23:57:53,1.57989855561406
2020-06-29 18:09:16,1.57842612815035
2020-07-02 07:29:28,1.58472441647611
2020-07-04 20:06:14,1.57256307084566
2020-07-07 06:14:04,1.5971875991505
2020-07-09 21:22:00,1.58658303459511
2020-07-12 11:45:15,1.59148747100781
2020-07-15 02:19:32,1.58810614359871
2020-07-18 04:49:11,1.56660055644893
2020-07-21 03:51:07,1.57409640344695
2020-07-24 03:40:38,1.63953486743475
2020-07-26 18:21:16,1.69554342656629
2020-07-29 08:34:28,1.87125633117563
2020-08-01 05:21:45,1.92576890750197
2020-08-03 22:13:56,1.88107215791881
2020-08-06 17:07:12,1.9719334776486
2020-08-09 11:12:26,1.93345572607168
2020-08-12 01:59:17,1.86765754963114
2020-08-14 15:33:48,1.92609784645491
2020-08-17 07:23:38,1.93704326915248
2020-08-20 05:06:06,1.9117496531636249
2020-08-22 22:45:17,1.8993225342189388
2020-08-25 15:05:24,1.8506934860656263
2020-08-28 13:59:47,1.8567804111883786
2020-08-31 06:40:58,1.8890642822384613
2020-09-03 00:46:48,1.8379143464820562
2020-09-05 23:50:42,1.61050055138391
2020-09-08 12:35:01,1.6109144880950341
2020-09-11 03:47:12,1.6569658874908046
2020-09-13 14:19:28,1.66756011870381
2020-09-16 01:35:58,1.7290253688352835
2020-09-18 10:14:44,1.7737289133247542
2020-09-21 03:06:13,1.7589152995986468
2020-09-24 00:13:04,1.6436836260550263
2020-09-26 16:54:20,1.7211346860124137
2020-09-29 11:09:50,1.7259315480438318
2020-10-02 08:30:47,1.6802471138563226
2020-10-05 00:34:27,1.7063797653837418
2020-10-07 20:46:34,1.7044906342539812
2020-10-10 14:18:33,1.810892342001763
2020-10-13 07:58:43,1.8333475837952091
2020-10-15 21:30:58,1.829836251000462
2020-10-18 13:37:21,1.8119988827864097
2020-10-21 14:42:47,1.958358286213352
2020-10-24 12:49:48,2.0201283770296836
2020-10-28 01:23:31,2.1050093322981756
2020-10-31 20:19:13,2.1029582595957055
2020-11-04 02:57:45,2.0743800492265327
2020-11-06 16:51:02,2.2923609858549647
2020-11-09 10:43:13,2.2666038670802604
2020-11-11 23:15:55,2.311287445450521
2020-11-14 15:09:32,2.3060155239494895
2020-11-17 06:02:37,2.4008514937300056
2020-11-19 21:47:58,2.5400736046049097
2020-11-22 05:36:06,2.5838643917194557
2020-11-24 22:09:16,2.6232556785550663
2020-11-27 13:25:46,2.2891072105303243
2020-11-30 05:56:46,2.522501454599052
2020-12-03 03:27:17,2.537482294051404
2020-12-05 21:26:52,2.528505023756843
2020-12-08 15:54:07,2.4894704569892885
2020-12-11 14:20:52,2.3307820232865115
2020-12-14 09:21:55,2.4695945966960733
2020-12-17 06:56:47,2.761467858277735
2020-12-19 22:14:00,2.9356086488025404
2020-12-22 17:01:12,2.8177482091865076
2020-12-25 11:52:41,2.813774403190796
2020-12-28 06:40:39,3.0903323361516604
2020-12-30 17:53:42,3.1042117387592003
2021-01-02 08:22:13,3.202603582591094
2021-01-04 20:19:28,3.2000933378882235
2021-01-07 05:08:32,3.711193447253027
2021-01-09 20:58:44,3.764992183847692
2021-01-12 09:59:01,3.3098590013466516
2021-01-15 03:27:55,3.4793372257409168
2021-01-17 22:53:22,3.171358200877774
2021-01-20 15:17:40,3.034067977305398
2021-01-23 14:47:53,2.737117502235958
2021-01-26 06:06:14,2.7595598152884753
2021-01-28 22:45:25,2.785754008554225
2021-01-31 18:25:24,2.7701911476802232
2021-02-03 13:51:02,3.000651472510799
2021-02-06 02:10:36,3.1762895772446686
2021-02-08 14:57:43,3.520237760954107
2021-02-11 09:17:42,3.457321599680507
2021-02-14 03:27:31,3.5973608657981715
2021-02-17 00:28:17,3.638710399171822
2021-02-19 20:18:29,3.957613939492718
2021-02-22 13:41:31,3.771829239137833
2021-02-25 09:01:06,3.40485530206356
2021-02-28 03:08:28,3.0953091579585545
2021-03-03 01:27:52,3.195604091420251
2021-03-05 20:07:50,3.163564349897983
2021-03-08 12:34:29,3.2517403467473653
2021-03-11 07:39:56,3.517182970673553
2021-03-14 01:12:08,3.811805960899192
2021-03-16 16:38:13,3.4188957464776752
2021-03-19 12:28:29,3.5530197626836624
2021-03-22 01:37:00,3.4534902359113184
2021-03-24 14:33:27,3.3854513787134213
2021-03-27 08:13:03,3.232589031933158
2021-03-29 22:56:47,3.337964737915084
2021-04-01 12:37:16,3.37422808313178
2021-04-04 07:58:09,3.270477691288943
2021-04-07 02:47:43,3.207923506240316
2021-04-09 20:21:49,3.233034436694249
2021-04-12 10:47:26,3.292733022408277
2021-04-15 06:25:23,3.396265785878563
2021-04-18 13:13:40,2.9311783661045827
2021-04-22 07:15:40,2.857012956755705
2021-04-25 02:31:19,2.6221519322477405
2021-04-28 03:19:16,2.8602040533187107
2021-05-01 00:42:18,2.960251211281976
2021-05-03 10:48:53,2.9871266859401966
2021-05-05 18:27:14,2.9091953784331346
2021-05-08 03:20:11,2.923412816189038
2021-05-10 07:01:59,2.944752760184901
2021-05-12 16:19:34,2.750478136902725
2021-05-15 07:20:35,2.428829153348202
2021-05-18 14:58:23,2.1725644287403303
2021-05-22 04:40:28,1.8625589458496
2021-05-25 09:37:44,1.927457297832886
2021-05-28 18:00:45,1.8202464815140618
2021-05-31 19:23:21,1.8584758991445134
2021-06-03 11:46:39,1.9855033249062148
2021-06-06 10:01:00,1.8345121511728126
2021-06-09 02:17:44,1.6576959761203718
2021-06-12 14:06:01,1.829244826111588
2021-06-15 13:22:55,2.0491241566508367
2021-06-18 17:31:23,1.8561814187304997
2021-06-22 13:59:16,1.5235721390709758
2021-06-26 13:21:41,1.6115050952049474
2021-07-01 08:43:58,1.718587245821908
2021-07-05 00:44:56,1.8251842647080836
2021-07-08 01:14:58,1.716155926037369
2021-07-10 19:35:53,1.7315526626004238
2021-07-13 22:36:11,1.6856688470602637
2021-07-16 14:30:49,1.648454446210517
2021-07-19 08:30:01,1.635295599128327
2021-07-22 02:42:20,1.656053543579177
2021-07-24 20:23:01,1.756873732312628
2021-07-27 10:12:23,1.9263896598227737
2021-07-29 20:45:25,1.9996393064107822
2021-08-01 07:41:20,2.0995181914698184
2021-08-03 22:33:42,1.9277725102689243
2021-08-06 13:43:07,2.0471642499748905
2021-08-09 01:09:06,2.162854424704304
2021-08-11 13:05:22,2.2904411473688437
2021-08-14 06:39:59,2.357243302293262
2021-08-16 15:12:15,2.27919658756298
2021-08-19 05:31:16,2.176570860677576
2021-08-21 15:16:10,2.408870201303771
2021-08-23 21:46:26,2.4223300521923923
2021-08-26 11:54:30,2.282488153131492
2021-08-29 03:45:54,2.3570023360881285