Timestamp,nvt
2020-08-30 10:24:55,10.679628411605792
2020-08-30 17:12:49,11.848466093206422
2020-08-30 23:06:38,10.691402297787066
2020-08-31 04:40:03,10.709989571421556
2020-08-31 08:33:24,9.48088660284432
2020-08-31 14:22:25,8.20673842227816
2020-08-31 20:32:27,7.1818602422921
2020-09-01 03:49:15,6.062544808733572
2020-09-01 09:29:13,6.161220977440499
2020-09-01 15:13:49,6.654698825040243
2020-09-01 19:24:30,6.556629671593559
2020-09-02 00:44:19,6.861592804856367
2020-09-02 06:29:02,7.545159651945259
2020-09-02 13:00:31,8.024345188676744
2020-09-02 18:46:09,8.257654651930979
2020-09-03 00:47:02,7.9963994073448195
2020-09-03 08:11:47,7.546149279497779
2020-09-03 14:26:44,6.660027456776572
2020-09-03 21:15:14,6.539288434791982
2020-09-04 04:12:42,6.065923682154982
2020-09-04 08:58:41,6.270297420786635
2020-09-04 13:54:11,6.590340654685233
2020-09-04 21:25:30,7.1266904380368805
2020-09-05 04:17:37,7.288742733621513
2020-09-05 10:27:51,7.6966658355071935
2020-09-05 15:53:51,7.618231244001547
2020-09-05 21:53:04,7.174059372021458
2020-09-06 04:50:14,7.570671206685496
2020-09-06 09:44:07,7.761382303286382
2020-09-06 13:29:10,7.857016210288839
2020-09-06 19:38:40,7.484778614468773
2020-09-07 03:07:43,8.209534006796536
2020-09-07 08:30:45,8.279384496536187
2020-09-07 13:09:49,7.675708061210155
2020-09-07 17:20:19,7.131362619452061
2020-09-07 20:59:36,6.6502164114995175
2020-09-08 02:14:04,6.28147280270901
2020-09-08 08:22:37,5.826549442927672
2020-09-08 13:59:25,5.823653245795221
2020-09-08 18:19:06,6.337210807534315
2020-09-09 00:02:47,6.765422746595547
2020-09-09 05:49:13,6.330389803939113
2020-09-09 10:21:25,6.037443003256324
2020-09-09 15:37:17,6.0521152394649285
2020-09-09 21:38:29,5.839114416798229
2020-09-10 05:38:21,6.10972287255089
2020-09-10 11:03:34,5.805854243468999
2020-09-10 17:05:30,5.578595335465986
2020-09-10 20:08:15,5.24968257896498
2020-09-11 03:05:43,5.105386860789359
2020-09-11 09:33:41,5.1818931328526
2020-09-11 13:28:58,5.170264192936545
2020-09-11 20:07:33,6.075091138535081
2020-09-12 01:03:33,5.997071471939154
2020-09-12 07:22:13,6.707541924747825
2020-09-12 11:58:35,6.580665910239034
2020-09-12 17:13:08,6.700245862759702
2020-09-12 21:06:46,6.756420788833206
2020-09-13 02:28:00,7.12619937602146
2020-09-13 06:22:28,7.078022975999721
2020-09-13 12:20:17,7.396512609339505
2020-09-13 17:00:00,6.972345012151682
2020-09-13 22:18:18,6.88432571253187
2020-09-14 03:10:21,6.877716101043832
2020-09-14 08:39:35,6.564047099632935
2020-09-14 13:46:52,6.911367123902087
2020-09-14 17:53:53,6.924109310359336
2020-09-14 23:29:13,6.847728558891736
2020-09-15 04:55:29,7.162434758136907
2020-09-15 11:00:21,7.102624753863349
2020-09-15 16:26:24,6.981584753602083
2020-09-15 20:31:48,6.784896535651488
2020-09-16 02:27:55,6.405602996119391
2020-09-16 07:47:57,5.944115540733135
2020-09-16 13:05:41,5.630380111627587
2020-09-16 18:14:48,5.8478250305120865
2020-09-16 23:59:25,6.1260379050474585
2020-09-17 04:42:54,5.821299727187462
2020-09-17 09:37:03,5.960383480826899
2020-09-17 14:07:11,5.924344243282855
2020-09-17 18:28:49,5.20025792630198
2020-09-17 23:49:04,4.526911540460451
2020-09-18 04:57:28,4.13160794576998
2020-09-18 09:13:27,4.236721350488284
2020-09-18 12:52:29,4.1783717854889675
2020-09-18 20:11:29,4.464597341728626
2020-09-19 01:31:02,5.122842113154911
2020-09-19 07:18:57,5.458539680299976
2020-09-19 12:01:34,5.873756892143051
2020-09-19 17:43:59,5.708270771271733
2020-09-19 23:42:51,6.482856193340131
2020-09-20 05:58:11,6.64725146068541
2020-09-20 12:36:35,7.4251850602900005
2020-09-20 18:23:14,7.2423436612100485
2020-09-20 23:23:44,7.7793304082446815
2020-09-21 04:51:45,8.418443085693061
2020-09-21 09:42:28,6.954647367263496
2020-09-21 16:59:28,5.906272257677875
2020-09-21 22:21:40,5.182507851034363
2020-09-22 05:05:45,4.579401797500237
2020-09-22 11:55:30,5.041788232832375
2020-09-22 17:48:32,5.962604291883711
2020-09-23 00:38:02,6.828800234816859
2020-09-23 08:11:28,7.496294677945866
2020-09-23 14:51:39,7.022499803887547
2020-09-23 20:10:14,6.656161063625812
2020-09-24 00:38:18,6.8037153598677405
2020-09-24 07:11:34,6.688874726152641
2020-09-24 13:01:49,7.301007206273498
2020-09-24 17:50:22,7.250883807612965
2020-09-25 01:00:57,7.941774536073228
2020-09-25 06:13:43,7.892234430876267
2020-09-25 10:59:44,7.385468711399166
2020-09-25 15:58:19,7.307047250619674
2020-09-25 21:20:11,7.068329822343544
2020-09-26 02:39:45,6.593469259051828
2020-09-26 09:51:35,6.822343653318159
2020-09-26 15:21:13,7.082556513736942
2020-09-26 20:46:10,7.519652281603433
2020-09-27 02:49:36,8.09378013484171
2020-09-27 07:46:51,7.883988582247606
2020-09-27 12:36:33,8.093002893816927
2020-09-27 18:00:53,9.210635336267451
2020-09-27 23:08:07,8.483856072825475
2020-09-28 06:04:05,8.712887401211397
2020-09-28 10:40:35,8.372111848074171
2020-09-28 18:27:53,8.33076558189141
2020-09-29 01:04:51,7.464575160098844
2020-09-29 07:36:58,7.720112287191443
2020-09-29 12:52:58,7.5426332424251825
2020-09-29 19:44:11,7.5837464134589805
2020-09-30 01:33:16,7.834097302504655
2020-09-30 06:25:15,7.840411039608026
2020-09-30 12:26:32,7.549420118906664
2020-09-30 17:19:55,7.556726715302361
2020-09-30 23:07:27,7.844603179554792
2020-10-01 05:20:37,8.220374562633838
2020-10-01 13:18:36,9.476981076389794
2020-10-01 19:47:39,8.477328499734103
2020-10-02 01:42:28,9.502982493833818
2020-10-02 08:11:55,7.981989404262427
2020-10-02 14:12:13,7.007419154246325
2020-10-02 20:16:18,7.183654015772214
2020-10-03 02:02:57,6.701346708426759
2020-10-03 06:25:46,7.253027510109693
2020-10-03 12:36:38,7.575623788690138
2020-10-03 17:19:21,8.15187796471427
2020-10-04 00:03:23,8.477978690556078
2020-10-04 05:46:32,8.68122418008864
2020-10-04 11:49:42,8.924427729892995
2020-10-04 17:19:30,9.895606198273455
2020-10-04 22:54:10,9.03147748269264
2020-10-05 04:05:05,9.809670444591534
2020-10-05 10:07:36,10.5809369627879
2020-10-05 16:59:05,11.660190146216443
2020-10-05 22:37:42,9.658963018627583
2020-10-06 04:34:52,8.255963516568004
2020-10-06 09:21:15,7.677216420303992
2020-10-06 16:23:38,7.135442421279531
2020-10-07 00:41:32,8.393121468704585
2020-10-07 07:06:58,9.276041666147124
2020-10-07 11:39:27,9.230079207448814
2020-10-07 16:26:11,8.833458990782972
2020-10-07 22:16:34,8.895295076656641
2020-10-08 03:25:49,8.589093566135137
2020-10-08 08:30:36,8.929631357407315
2020-10-08 12:51:36,8.166057927147918
2020-10-08 19:09:18,8.602279232235473
2020-10-09 01:07:38,9.587257983325172
2020-10-09 07:46:41,9.153361340866809
2020-10-09 13:27:37,9.487330614754997
2020-10-09 20:57:02,7.895667503649634
2020-10-10 00:59:12,6.748966173142997
2020-10-10 07:30:01,7.005876594399635
2020-10-10 13:38:38,7.188764122945147
2020-10-10 19:20:28,8.08361344958899
2020-10-11 00:43:29,9.90963193857758
2020-10-11 06:27:31,9.488567346343286
2020-10-11 12:25:36,9.074536931887106
2020-10-11 18:17:55,8.805456207715553
2020-10-12 00:50:24,8.667267722154705
2020-10-12 06:24:16,9.010640001583429
2020-10-12 11:43:14,8.9765694539213
2020-10-12 17:22:48,8.804757954847693
2020-10-12 22:53:58,8.269246041305509
2020-10-13 04:25:17,8.169082694464196
2020-10-13 10:30:47,7.704574012725819
2020-10-13 15:22:01,8.079298812702492
2020-10-13 20:19:36,7.986396638000338
2020-10-14 00:54:34,8.090459060798993
2020-10-14 05:37:03,8.007381663346603
2020-10-14 12:49:59,8.049906701133626
2020-10-14 17:42:00,7.481471083274135
2020-10-14 22:39:52,8.166220674121712
2020-10-15 05:09:53,7.279260480048221
2020-10-15 11:07:29,6.924524238051814
2020-10-15 17:03:12,6.933498482932438
2020-10-15 22:10:59,7.26664692149788
2020-10-16 03:20:30,7.214285918514194
2020-10-16 09:47:50,7.545624132482735
2020-10-16 14:42:15,7.4202683715394
2020-10-16 20:20:04,8.052344030007845
2020-10-17 01:02:18,7.7092976231847485
2020-10-17 06:02:27,8.161441959130325
2020-10-17 09:53:57,8.431054386308679
2020-10-17 17:21:20,8.544236668520238
2020-10-17 23:01:51,7.839678638729807
2020-10-18 03:32:19,7.5499606254056895
2020-10-18 10:10:28,7.6803496954113895
2020-10-18 18:19:13,7.106355286475518
2020-10-19 01:47:50,8.502316007856294
2020-10-19 09:20:00,7.816808819999699
2020-10-19 16:05:03,6.811420827291898
2020-10-19 22:18:50,5.782472562773198
2020-10-20 03:16:05,5.185269586222133
2020-10-20 07:31:22,5.148421558311412
2020-10-20 14:21:26,5.375147784925046
2020-10-20 22:23:59,4.58928594802474
2020-10-21 04:12:58,4.318841718917153
2020-10-21 10:27:34,4.2031023653654564
2020-10-21 16:57:17,4.637959780956232
2020-10-21 23:21:26,5.187300395332661
2020-10-22 05:51:19,4.637662115231746
2020-10-22 12:27:37,4.620782434237092
2020-10-22 18:12:59,4.708295056931888
2020-10-23 00:35:08,4.546175019791937
2020-10-23 08:06:34,5.161817126723315
2020-10-23 14:44:44,5.714599952220191
2020-10-23 21:09:55,6.314652420413639
2020-10-24 02:14:23,7.172377450264228
2020-10-24 07:51:56,7.954743622057832
2020-10-24 12:31:34,8.557274601169073
2020-10-24 18:12:12,8.087186258798313
2020-10-25 00:20:51,9.560911116672452
2020-10-25 07:35:33,9.050725508846618
2020-10-25 14:40:00,10.681748201814509
2020-10-25 22:54:29,11.04178035841167
2020-10-26 03:58:52,11.577357757571134
2020-10-26 12:37:32,7.847012445004862
2020-10-26 20:54:02,6.904975454088998
2020-10-27 04:27:18,6.301579854759928
2020-10-27 14:55:52,7.7165244028817455
2020-10-27 23:08:03,8.198443914480878
2020-10-28 06:10:23,6.925803639263115
2020-10-28 15:50:25,7.066669423758114
2020-10-28 22:43:19,6.044349156443735
2020-10-29 05:49:03,7.006839432272464
2020-10-29 14:46:35,7.193039570023743
2020-10-29 23:20:46,8.927487938741802
2020-10-30 06:25:47,7.781833295848432
2020-10-30 12:05:04,6.686226487023434
2020-10-30 20:26:52,6.351149713520977
2020-10-31 05:43:33,8.238150310507015
2020-10-31 12:58:35,10.240442516811187
2020-10-31 21:46:26,10.55457387632247
2020-11-01 03:11:23,11.050934230559834
2020-11-01 09:51:18,12.846192796159556
2020-11-01 17:38:33,10.388045269469654
2020-11-01 23:41:04,9.14652567392718
2020-11-02 07:21:20,7.599729005844144
2020-11-02 14:59:48,7.064375305185625
2020-11-03 01:17:24,7.187973979877944
2020-11-03 07:59:37,6.016534780448325
2020-11-03 13:02:34,6.058634754583177
2020-11-03 19:59:44,5.999223639302434
2020-11-04 01:16:36,5.935463517455666
2020-11-04 06:08:51,6.506372120161268
2020-11-04 11:08:23,6.716913206414926
2020-11-04 16:29:31,6.947485193134045
2020-11-04 22:26:46,8.53678582500103
2020-11-05 03:39:05,9.027584150230304
2020-11-05 09:55:40,8.780906638584375
2020-11-05 15:28:19,6.839790150718155
2020-11-05 22:18:18,6.235349402756856
2020-11-06 03:21:13,6.29384971529395
2020-11-06 09:24:37,5.790704660108791
2020-11-06 15:08:55,6.425671828730157
2020-11-06 21:17:08,6.011579367418339
2020-11-07 01:10:17,5.822512781226584
2020-11-07 07:43:22,6.315990140068785
2020-11-07 13:47:20,7.16074999385642
2020-11-07 17:59:40,8.844641611971461
2020-11-08 00:11:19,10.59980080219698
2020-11-08 07:03:18,12.767159759514572
2020-11-08 12:03:49,12.488152044161305
2020-11-08 17:21:30,12.546877206919088
2020-11-09 01:15:42,12.491129491556416
2020-11-09 05:20:37,11.473437317530065
2020-11-09 11:01:37,10.229169274136682
2020-11-09 14:44:52,10.365252850259779
2020-11-09 18:41:36,9.005536705497931
2020-11-10 00:29:45,8.695162379874379
2020-11-10 03:59:09,8.495407911409274
2020-11-10 11:47:06,8.623348715156972
2020-11-10 16:36:59,8.139415331641125
2020-11-10 23:34:11,9.080494410010843
2020-11-11 04:25:23,8.47686564400715
2020-11-11 10:49:14,8.39204802274446
2020-11-11 17:17:06,9.767519863485619
2020-11-11 21:59:13,8.892208903335865
2020-11-12 03:06:29,8.864118525430941
2020-11-12 09:34:24,8.917844065171257
2020-11-12 16:13:57,8.23667324455193
2020-11-12 19:55:41,8.601248769194012
2020-11-13 00:26:34,9.552500571748295
2020-11-13 06:48:26,10.591466805150302
2020-11-13 12:15:46,10.767054769846597
2020-11-13 17:30:58,11.43947000648177
2020-11-14 00:13:28,12.01679464170573
2020-11-14 06:22:10,11.06745279727396
2020-11-14 11:45:08,10.354268835110597
2020-11-14 18:16:40,10.209535534820487
2020-11-14 23:42:29,9.839334974103476
2020-11-15 05:35:54,10.278147436733667
2020-11-15 11:35:09,10.89063992950308
2020-11-15 17:22:50,11.95101812636742
2020-11-15 22:55:36,11.381751637622413
2020-11-16 03:39:12,11.176101755487696
2020-11-16 09:00:31,9.462703516708395
2020-11-16 14:24:36,7.024163146986814
2020-11-16 19:36:27,5.857970514597764
2020-11-17 01:14:08,5.095738691308444
2020-11-17 06:02:37,4.732297031879826
2020-11-17 12:17:17,5.160706839519364
2020-11-17 17:06:08,5.774675590761769
2020-11-17 22:56:50,6.128073365596067
2020-11-18 03:56:47,6.3890558239964275
2020-11-18 09:11:25,6.083244953300729
2020-11-18 13:27:36,5.701166025934365
2020-11-18 18:15:22,5.597029615494788
2020-11-19 00:41:03,6.476607162456297
2020-11-19 07:51:18,7.2224527498518265
2020-11-19 14:11:46,7.7994946672496
2020-11-19 19:49:48,7.756774120107394
2020-11-20 00:52:33,7.734613438739934
2020-11-20 05:32:41,8.026848947548464
2020-11-20 10:34:43,8.724558884380132
2020-11-20 15:43:24,8.676811101264429
2020-11-20 20:15:36,8.505550401967342
2020-11-21 01:26:03,7.491285051238941
2020-11-21 07:32:47,7.861053651053285
2020-11-21 12:12:55,7.9660456478077
2020-11-21 16:20:34,7.994371558238486
2020-11-21 22:29:00,9.316546712899374
2020-11-22 03:14:14,9.601837693678188
2020-11-22 06:32:00,8.477884265303297
2020-11-22 11:16:18,8.582791982978785
2020-11-22 16:07:18,8.541324993488873
2020-11-22 21:29:03,9.268228669251128
2020-11-23 02:44:13,9.612191928237444
2020-11-23 09:36:03,10.21802720388149
2020-11-23 14:24:44,9.636219458969787
2020-11-23 20:05:57,8.637784375338992
2020-11-24 02:59:40,8.014857732697903
2020-11-24 08:40:38,7.696132745620341
2020-11-24 15:43:21,8.179452243665219
2020-11-24 21:20:27,8.054900631251959
2020-11-25 02:41:16,7.902906829052226
2020-11-25 08:52:54,7.815554246093232
2020-11-25 14:12:38,7.878031629326603
2020-11-25 19:58:39,8.093661976586631
2020-11-26 00:27:02,8.143745622104628
2020-11-26 06:06:40,8.450646606582161
2020-11-26 13:31:06,9.005427107912023
2020-11-26 17:48:12,7.72043363042604
2020-11-26 22:50:44,7.758448132410074
2020-11-27 04:11:13,8.012270285594905
2020-11-27 10:29:45,8.030049948323512
2020-11-27 16:40:47,8.652499499528941
2020-11-27 21:29:17,9.95115625087364
2020-11-28 02:23:48,10.2824699876561
2020-11-28 07:22:06,10.766463716744873
2020-11-28 12:48:02,12.1843959999393
2020-11-28 18:29:44,12.734218040386732
2020-11-29 00:06:40,14.357960630611762
2020-11-29 06:37:48,13.964482017333232
2020-11-29 11:09:08,13.531579597706765
2020-11-29 16:42:09,14.304770649999105
2020-11-29 23:34:54,14.917648809447916
2020-11-30 06:37:21,12.232582097503867
2020-11-30 12:18:10,11.250659190607765
2020-11-30 21:33:06,9.104687559401986
2020-12-01 03:14:47,8.326381756903318
2020-12-01 06:40:23,7.870856234578539
2020-12-01 13:03:44,8.239772517466001
2020-12-01 19:57:24,7.827647700318198
2020-12-02 03:03:30,9.122762300427704
2020-12-02 09:54:49,10.35709777333303
2020-12-02 15:16:27,9.60201980645142
2020-12-02 21:26:52,10.280692963439375
2020-12-03 02:50:25,10.850859560394468
2020-12-03 09:08:01,12.062109926905944
2020-12-03 13:38:33,12.641696907638936
2020-12-03 19:54:37,13.013749279201965
2020-12-04 00:39:08,12.627789065263235
2020-12-04 06:40:21,11.37008688833255
2020-12-04 12:41:20,10.038675759299
2020-12-04 18:57:40,9.976174372096965
2020-12-04 23:33:38,9.433755109675973
2020-12-05 04:34:44,9.806264777467185
2020-12-05 11:04:21,10.67646977149537
2020-12-05 18:22:15,11.187627604727806
2020-12-05 23:31:02,12.079223487661276
2020-12-06 05:37:00,12.434094397611512
2020-12-06 12:50:54,13.642382867804365
2020-12-06 20:02:45,14.978524189910436
2020-12-07 00:21:00,14.436497944626579
2020-12-07 05:43:52,14.12613410597531
2020-12-07 09:11:41,14.143829416059102
2020-12-07 15:43:39,12.186894803530338
2020-12-07 22:26:15,11.047858526879029
2020-12-08 03:25:57,10.703312432264749
2020-12-08 09:40:26,10.448913314022672
2020-12-08 16:01:51,10.449317953781607
2020-12-08 22:10:30,11.100434827150467
2020-12-09 04:33:45,11.901248659611785
2020-12-09 11:18:57,11.143805377788842
2020-12-09 16:55:32,10.61575603643414
2020-12-09 21:44:58,9.33146561275729
2020-12-10 06:11:10,8.735195740274902
2020-12-10 13:43:07,8.961552457869379
2020-12-10 18:57:31,9.224097817792723
2020-12-11 00:46:07,9.505208525099158
2020-12-11 06:13:34,10.531313843504345
2020-12-11 12:04:09,10.81362783143439
2020-12-11 18:18:54,11.60331190895479
2020-12-12 00:43:59,12.45430196955084
2020-12-12 08:04:16,13.015725736134273
2020-12-12 14:30:37,13.957810457716327
2020-12-12 19:45:03,13.16574760483108
2020-12-13 02:07:49,12.79413233343725
2020-12-13 08:45:38,13.065856006433412
2020-12-13 13:38:43,12.38782418694641
2020-12-13 18:07:36,10.405692167073864
2020-12-13 23:20:43,11.316898606479786
2020-12-14 05:34:49,10.576310033604301
2020-12-14 11:35:43,10.918484285584416
2020-12-14 17:47:03,10.40982211836952
2020-12-14 22:14:14,9.829071892579732
2020-12-15 04:31:22,8.537561686792282
2020-12-15 11:03:06,7.455136289675468
2020-12-15 17:57:14,7.785880341425438
2020-12-15 23:00:01,7.803298429857208
2020-12-16 04:14:06,8.573302779533245
2020-12-16 10:00:49,8.289718487552964
2020-12-16 16:18:13,8.775971634910663
2020-12-16 23:27:34,7.849861797732497
2020-12-17 05:53:29,7.382546299889285
2020-12-17 12:25:27,7.241461314460067
2020-12-17 18:32:06,7.546257218062375
2020-12-18 00:44:50,7.2312885648756655
2020-12-18 06:30:00,6.983166121164989
2020-12-18 12:24:04,7.194406958165524
2020-12-18 17:52:52,7.157794528216884
2020-12-18 22:22:39,7.504906685333811
2020-12-19 04:15:55,8.009048322337872
2020-12-19 09:04:34,8.322556652607924
2020-12-19 15:31:11,9.075144581410576
2020-12-19 20:01:30,9.952908774375588
2020-12-20 01:07:15,11.375644737816721
2020-12-20 06:06:53,11.857072505435948
2020-12-20 11:19:12,12.333606093745326
2020-12-20 17:31:08,14.64879990434608
2020-12-20 23:35:48,14.155909864996687
2020-12-21 05:55:32,15.050292896608154
2020-12-21 12:09:08,13.725900375769887
2020-12-21 17:00:12,11.725254367030955
2020-12-21 23:33:55,10.640193495470195
2020-12-22 05:05:35,9.36235232033768
2020-12-22 11:40:32,9.25277026921019
2020-12-22 17:37:41,9.21541618139978
2020-12-22 23:47:23,9.4480261496281
2020-12-23 05:32:19,9.91548182986438
2020-12-23 10:17:44,10.299489167150426
2020-12-23 15:43:58,10.429078828181726
2020-12-23 22:00:05,9.577211431188278
2020-12-24 03:27:51,8.798366390965613
2020-12-24 08:52:28,8.251106116106202
2020-12-24 14:20:19,8.016427681739733
2020-12-25 00:19:15,9.174638135436545
2020-12-25 04:19:15,8.4226405122675
2020-12-25 10:35:14,8.170407247976199
2020-12-25 16:56:36,8.457396099537247
2020-12-25 23:37:26,9.418927360575115
2020-12-26 05:45:44,10.244349440406326
2020-12-26 12:59:37,9.285717787239184
2020-12-26 18:13:37,9.77798727017056
2020-12-26 23:56:08,9.556263344810054
2020-12-27 05:21:09,8.227643929194501
2020-12-27 10:47:17,7.631784442613264
2020-12-27 16:07:41,7.028732526228472
2020-12-27 22:29:28,6.9612656975646
2020-12-28 03:25:35,7.745434295350957
2020-12-28 09:15:21,9.265447130598446
2020-12-28 13:51:36,10.712398380810678
2020-12-28 19:29:38,10.850443969906179
2020-12-29 01:06:54,9.4223748982671
2020-12-29 08:39:17,8.336598524156969
2020-12-29 13:40:20,8.824831884764793
2020-12-29 19:42:12,9.663515484750302
2020-12-30 00:00:13,10.2608008655996
2020-12-30 04:11:19,10.965622538297378
2020-12-30 08:37:38,11.722418794709746
2020-12-30 13:28:09,11.30524235506231
2020-12-30 18:04:48,11.433826023170424
2020-12-30 23:47:52,10.528376849232306
2020-12-31 05:35:26,10.484015390366107
2020-12-31 10:33:15,10.47175386851591
2020-12-31 15:56:36,9.625299987436188
2020-12-31 21:16:44,9.057371156146452
2021-01-01 01:57:42,9.520794204085577
2021-01-01 07:28:38,9.802385121383887
2021-01-01 12:54:02,9.307656001761323
2021-01-01 18:07:59,10.339629075615873
2021-01-02 00:52:04,11.967712762202689
2021-01-02 06:54:19,12.310494706612284
2021-01-02 11:18:59,13.311657164659776
2021-01-02 18:12:09,12.564359597299465
2021-01-02 23:09:04,9.08800316227412
2021-01-03 05:05:40,8.12333280741292
2021-01-03 10:03:54,7.9704422870751745
2021-01-03 15:59:02,7.661649256624936
2021-01-03 20:32:11,7.669144301021319
2021-01-04 01:30:40,8.11568544910971
2021-01-04 07:10:17,8.901231914050225
2021-01-04 11:12:45,8.466079670039862
2021-01-04 16:18:31,8.941417820695147
2021-01-04 21:49:15,9.184061755297188
2021-01-05 02:37:20,10.177076396716403
2021-01-05 07:47:45,8.753762191333111
2021-01-05 14:28:53,8.682594081039028
2021-01-05 18:56:47,8.484805903402913
2021-01-06 00:15:41,9.113007939152254
2021-01-06 04:50:26,8.937054424075066
2021-01-06 09:45:38,8.945036109946704
2021-01-06 14:20:36,9.367293291742953
2021-01-06 19:15:58,9.100943332772616
2021-01-07 00:03:57,8.858204841982284
2021-01-07 04:57:17,8.510208434230226
2021-01-07 10:58:39,8.231299024044311
2021-01-07 14:58:18,7.551613170951633
2021-01-07 20:23:06,7.625377745912534
2021-01-08 01:30:04,6.962172595282179
2021-01-08 07:13:11,6.876453319062467
2021-01-08 14:26:14,7.555555859724228
2021-01-08 18:11:05,6.985683136135531
2021-01-09 00:25:54,7.555974706835116
2021-01-09 05:24:00,7.651506383841697
2021-01-09 12:17:13,7.58236701110046
2021-01-09 17:35:29,8.681263570010122
2021-01-09 23:59:40,9.585090788045191
2021-01-10 05:57:09,10.06880682975253
2021-01-10 11:02:18,10.625537894705417
2021-01-10 16:44:50,10.108814931841934
2021-01-10 21:25:25,9.280061276936426
2021-01-11 03:23:41,9.67477689905783
2021-01-11 08:15:26,8.239038568907816
2021-01-11 12:45:28,8.50195883865185
2021-01-11 20:00:10,7.97219145348531
2021-01-12 00:32:13,7.768749146867306
2021-01-12 05:30:24,7.252345824494112
2021-01-12 10:57:48,7.167841187936688
2021-01-12 17:00:09,7.168748894194497
2021-01-12 23:35:50,8.21475374033279
2021-01-13 05:24:10,9.183415312982973
2021-01-13 10:36:02,10.471195874516297
2021-01-13 15:53:42,10.340866974068561
2021-01-13 20:36:22,10.461402515167016
2021-01-14 03:08:55,10.972529927758785
2021-01-14 07:36:39,10.453654451138314
2021-01-14 14:01:19,9.90136620550727
2021-01-14 20:01:45,9.634865808957176
2021-01-15 02:30:13,9.651748095309188
2021-01-15 07:48:53,9.368222350379066
2021-01-15 14:08:01,9.865242170682025
2021-01-15 19:31:41,9.568916018545693
2021-01-15 23:55:01,9.849382419292562
2021-01-16 04:19:02,10.976985142634947
2021-01-16 11:00:14,11.249081116331348
2021-01-16 17:04:12,12.172218595281846
2021-01-16 22:28:16,11.848074351885321
2021-01-17 07:30:35,10.763745069584923
2021-01-17 13:04:20,10.870927357458728
2021-01-17 19:09:12,11.881524471111492
2021-01-18 00:17:49,13.076317695205251
2021-01-18 05:16:04,12.328665016440024
2021-01-18 11:10:10,12.465512725590706
2021-01-18 17:33:48,11.397968848193505
2021-01-18 23:56:56,10.144424864675914
2021-01-19 05:30:41,9.961921584974247
2021-01-19 10:27:50,9.992486545791184
2021-01-19 17:12:57,9.560390880816824
2021-01-19 21:38:06,8.436869632793758
2021-01-20 03:50:15,8.753233097865996
2021-01-20 10:01:02,8.127732415530877
2021-01-20 15:57:50,7.975764959552618
2021-01-20 22:00:28,9.068686920984877
2021-01-21 05:58:17,8.359576472453153
2021-01-21 12:50:31,8.708265471635812
2021-01-21 18:39:40,8.395314678412863
2021-01-21 23:50:23,8.143654495900934
2021-01-22 06:14:43,8.139443539777355
2021-01-22 10:17:12,8.073856236665282
2021-01-22 17:13:52,8.296979635603819
2021-01-22 22:38:52,9.115671450823326
2021-01-23 06:15:45,9.311997190161227
2021-01-23 12:56:57,10.332964669282129
2021-01-23 17:57:16,10.850318121857885
2021-01-23 22:32:49,11.360181262855397
2021-01-24 03:36:35,11.95345243281914
2021-01-24 09:06:29,11.996292174025955
2021-01-24 16:15:59,11.579583240390786
2021-01-24 21:41:15,11.546462643439437
2021-01-25 03:28:58,11.65932677870811
2021-01-25 09:32:46,10.438188323360002
2021-01-25 16:36:27,9.98794171477965
2021-01-25 21:59:22,8.231047914138559
2021-01-26 02:58:42,7.937714163066891
2021-01-26 07:17:31,8.460929686719314
2021-01-26 13:16:43,8.775633672732967
2021-01-26 18:56:21,10.572568611303351
2021-01-26 23:55:28,10.800434187530929
2021-01-27 07:46:31,9.95429110733374
2021-01-27 13:45:11,9.475664814453207
2021-01-27 18:34:34,8.920382099657909
2021-01-28 00:12:40,8.96191971257885
2021-01-28 06:44:30,9.560089684055383
2021-01-28 12:47:36,9.663640123243628
2021-01-28 16:47:48,8.97440868365909
2021-01-28 22:33:05,8.750334625964962
2021-01-29 05:30:32,8.379352267922357
2021-01-29 11:23:37,8.758097302952796
2021-01-29 16:20:32,8.168275421713565
2021-01-29 20:48:45,7.434370301253858
2021-01-30 02:23:31,7.257197395145286
2021-01-30 07:31:11,7.268005743779495
2021-01-30 13:48:44,7.877686195267878
2021-01-30 22:38:04,9.107488906542484
2021-01-31 04:18:22,9.788198486532734
2021-01-31 09:53:11,10.207759466650746
2021-01-31 15:30:07,8.749085696624343
2021-01-31 21:15:53,8.387143348123004
2021-02-01 03:05:52,9.031839157116774
2021-02-01 10:29:31,9.137167351876645
2021-02-01 17:36:48,10.426317182556218
2021-02-01 23:48:40,9.334404030797378
2021-02-02 06:59:27,9.063464283462203
2021-02-02 12:33:00,9.368234563215013
2021-02-02 17:23:41,9.120159595601223
2021-02-02 22:59:27,9.64744960714881
2021-02-03 03:37:45,9.74836707485844
2021-02-03 08:31:01,9.748048850274117
2021-02-03 14:47:54,10.163000044567523
2021-02-03 21:10:24,9.550917186900053
2021-02-04 02:20:05,9.20453987811986
2021-02-04 09:07:18,9.404230772840728
2021-02-04 13:02:17,8.572373643716045
2021-02-04 19:26:08,8.6922548578206
2021-02-05 00:09:34,8.169278187146858
2021-02-05 04:27:21,8.247904680760112
2021-02-05 10:00:56,9.333636226240039
2021-02-05 14:46:55,8.620124813178803
2021-02-05 20:17:40,8.613378272723061
2021-02-06 00:40:45,9.496036931611577
2021-02-06 06:36:25,9.677117943125475
2021-02-06 12:26:13,9.763216839331397
2021-02-06 18:18:49,9.739887690668317
2021-02-06 23:00:40,8.742772109082166
2021-02-07 02:46:14,8.751802779113142
2021-02-07 10:17:18,8.57143844530247
2021-02-07 15:14:05,8.57604671667543
2021-02-07 19:58:44,8.74280807522111
2021-02-08 01:07:41,9.048792003582063
2021-02-08 05:31:14,8.713307064834797
2021-02-08 11:46:05,10.076478038932645
2021-02-08 16:34:35,10.168111674805749
2021-02-08 22:03:10,8.994818721264773
2021-02-09 04:23:59,8.042138792877637
2021-02-09 10:26:51,6.361701789434084
2021-02-09 15:52:35,5.696177575277258
2021-02-09 21:47:59,5.420344246699131
2021-02-10 02:44:12,5.61593147748773
2021-02-10 08:46:31,6.362506333324732
2021-02-10 14:45:13,7.025846124332825
2021-02-10 20:35:37,7.4079124123341495
2021-02-11 04:13:40,7.939954101477432
2021-02-11 09:55:56,7.651520275960768
2021-02-11 17:21:43,8.440442746387303
2021-02-11 23:22:35,8.01921506047019
2021-02-12 05:23:24,9.053705615610435
2021-02-12 11:41:47,8.682091627467326
2021-02-12 17:23:21,8.477198015966938
2021-02-12 22:56:27,8.895644855335554
2021-02-13 04:55:01,8.956542706057437
2021-02-13 11:25:01,9.351116350315813
2021-02-13 16:05:15,10.072079266425872
2021-02-13 21:23:30,10.935799313252737
2021-02-14 02:20:20,12.770212759510326
2021-02-14 06:52:33,13.053773567391664
2021-02-14 13:04:47,12.208438120465683
2021-02-14 19:09:07,10.669653861422386
2021-02-15 01:48:33,9.622493993018841
2021-02-15 07:14:28,8.50547293428071
2021-02-15 12:09:45,7.72613924483032
2021-02-15 18:18:01,7.930490268616893
2021-02-15 23:35:14,7.93059879765259
2021-02-16 07:36:47,8.361627769564471
2021-02-16 15:30:47,8.01994612100468
2021-02-16 21:23:07,8.524398935839772
2021-02-17 03:26:14,7.462302035590752
2021-02-17 09:55:17,8.518608558311115
2021-02-17 16:07:23,8.994402624179482
2021-02-17 21:18:29,8.33019167842908
2021-02-18 02:14:15,8.63247309872451
2021-02-18 07:58:18,8.051795389165141
2021-02-18 14:47:21,7.707588356765018
2021-02-18 21:41:30,8.042341865457892
2021-02-19 04:18:45,9.055490641945111
2021-02-19 09:20:58,9.206078942254516
2021-02-19 14:05:55,9.508337989289496
2021-02-19 20:18:29,9.092032415496574
2021-02-20 01:35:09,7.973713294444673
2021-02-20 06:58:27,7.545878758557182
2021-02-20 12:22:56,7.073045065340301
2021-02-20 19:03:14,7.559243681651355
2021-02-21 00:09:45,8.360476305931844
2021-02-21 06:47:36,9.15468550250924
2021-02-21 12:37:12,10.253328305451014
2021-02-21 17:56:30,10.150404326346788
2021-02-22 00:17:49,10.198633709294013
2021-02-22 06:51:02,9.69569264872795
2021-02-22 11:41:42,8.540085966468002
2021-02-22 18:29:56,8.780896275139973
2021-02-23 01:36:53,8.977534101605958
2021-02-23 08:59:29,8.448648874607839
2021-02-23 16:44:28,8.4060328713027
2021-02-23 22:42:39,8.50960292864851
2021-02-24 04:28:11,8.992298948296371
2021-02-24 09:15:04,8.782449340455672
2021-02-24 13:32:59,8.639899529741282
2021-02-24 19:15:46,8.221327273550598
2021-02-25 01:03:08,8.743636151471675
2021-02-25 05:49:52,9.59467228475426
2021-02-25 10:53:42,9.90320764558517
2021-02-25 16:08:40,9.452071049968849
2021-02-25 23:08:19,7.820960948046336
2021-02-26 05:50:31,7.717856948411703
2021-02-26 11:54:24,7.112084810965503
2021-02-26 16:17:15,7.76421432385597
2021-02-26 22:52:58,9.124827268017965
2021-02-27 03:48:24,9.175689842921026
2021-02-27 09:32:08,9.47622975467633
2021-02-27 13:28:56,10.433034264271434
2021-02-27 19:08:11,10.457268673871548
2021-02-28 02:08:23,10.983991562923794
2021-02-28 09:06:58,10.534438041897205
2021-02-28 15:34:22,10.565783416605296
2021-02-28 20:56:46,10.40182698475884
2021-03-01 04:20:10,11.02411835396861
2021-03-01 10:51:51,11.260251990661542
2021-03-01 17:35:30,11.455387988233738
2021-03-01 22:48:15,10.123103051218909
2021-03-02 05:16:48,10.186430600098921
2021-03-02 10:56:57,9.364499741747547
2021-03-02 17:27:24,10.038210128083389
2021-03-02 22:04:45,9.412548916489799
2021-03-03 03:38:38,9.231900440649873
2021-03-03 09:42:58,10.310719219259367
2021-03-03 14:49:03,10.563263993275857
2021-03-03 20:28:39,10.456187418099239
2021-03-04 03:45:45,11.270370722723428
2021-03-04 08:18:44,10.466083124439047
2021-03-04 15:32:35,11.347455234305132
2021-03-04 22:58:26,11.239685299928361
2021-03-05 04:27:47,10.976363383997477
2021-03-05 10:16:38,10.2645788138505
2021-03-05 14:28:21,10.810577940749189
2021-03-05 21:32:45,10.871898298906723
2021-03-06 03:47:44,11.156827711637435
2021-03-06 09:22:10,11.60146723059449
2021-03-06 13:27:30,11.520963513591646
2021-03-06 19:38:39,12.563184199520789
2021-03-07 01:55:57,11.570473581598511
2021-03-07 07:54:10,10.10296081209234
2021-03-07 13:41:06,10.124834061583831
2021-03-07 19:47:24,9.08561138066554
2021-03-08 00:41:39,8.794967486826222
2021-03-08 06:26:50,9.399846137690565
2021-03-08 11:45:19,9.669276781655388
2021-03-08 16:03:15,9.8380508565867
2021-03-08 22:30:25,10.094666614290361
2021-03-09 04:02:52,9.855600606357246
2021-03-09 09:14:16,9.383141163225003
2021-03-09 15:32:41,9.186891386586746
2021-03-09 22:14:54,8.938031585749906
2021-03-10 04:52:22,9.430757727584247
2021-03-10 09:44:19,10.075669180051566
2021-03-10 14:44:20,10.624304284177537
2021-03-10 20:45:21,11.240854312648942
2021-03-11 02:07:52,10.627118932375112
2021-03-11 09:31:34,9.812129412677994
2021-03-11 16:20:14,10.712542090078973
2021-03-11 22:06:25,10.811523978971316
2021-03-12 03:12:31,11.358371891234288
2021-03-12 08:07:05,12.694517489086977
2021-03-12 15:26:08,12.304091565873172
2021-03-12 19:54:03,12.821160717805954
2021-03-13 02:00:22,13.261883794039058
2021-03-13 07:36:38,15.156770112525718
2021-03-13 12:43:33,16.24261401329982
2021-03-13 21:15:23,16.576885361607868
2021-03-14 01:31:48,16.22847219434232
2021-03-14 06:47:58,13.704570672261648
2021-03-14 11:36:06,12.945681885707543
2021-03-14 17:16:53,12.569950296695705
2021-03-14 22:35:29,13.98987418150836
2021-03-15 04:22:25,15.379258808801172
2021-03-15 10:14:28,15.709724980708044
2021-03-15 14:58:35,14.405500640013658
2021-03-15 21:26:45,14.324216038591386
2021-03-16 03:00:21,12.587246003756484
2021-03-16 09:22:03,12.728889484094806
2021-03-16 14:35:24,12.43953290721721
2021-03-16 19:59:35,12.21648570024732
2021-03-17 02:07:33,13.29756387415335
2021-03-17 07:59:27,13.984661909754584
2021-03-17 14:13:54,13.72514972591006
2021-03-17 20:30:30,13.85405595841873
2021-03-18 02:01:06,13.163923048397038
2021-03-18 08:44:26,13.110577965669965
2021-03-18 14:28:07,12.579811661115134
2021-03-18 20:40:03,14.255650211848712
2021-03-19 01:07:58,13.988964305461096
2021-03-19 07:04:20,14.395331340413748
2021-03-19 13:37:25,14.85891377517699
2021-03-19 18:59:05,13.798896829256561
2021-03-19 23:39:42,15.116188801201572
2021-03-20 05:34:25,14.450869054941858
2021-03-20 11:17:22,15.17793749620904
2021-03-20 16:58:02,16.72519254463785
2021-03-20 22:09:37,16.675047125703678
2021-03-21 03:10:42,16.968701441660496
2021-03-21 10:39:44,17.68989533380033
2021-03-21 14:46:58,17.1530129093557
2021-03-21 19:41:45,16.047119998634386
2021-03-22 00:44:15,16.423547523166874
2021-03-22 06:52:23,16.204886823472805
2021-03-22 12:29:27,15.44451146832795
2021-03-22 17:39:51,15.133296909302587
2021-03-22 22:41:53,14.513803272357743
2021-03-23 03:55:22,13.272925904083232
2021-03-23 09:44:05,12.957694377167291
2021-03-23 14:44:13,12.125126345691262
2021-03-23 20:30:23,10.48344204055824
2021-03-24 02:28:40,10.06978413302719
2021-03-24 07:33:49,9.420490458097339
2021-03-24 11:19:34,9.285095655249773
2021-03-24 17:20:30,10.429346988591636
2021-03-25 00:19:01,10.785307274115402
2021-03-25 06:07:02,12.008910853060591
2021-03-25 11:02:56,13.090059111388419
2021-03-25 16:33:13,11.29168602913174
2021-03-25 21:11:52,11.140651797118066
2021-03-26 04:05:18,10.293510614637972
2021-03-26 10:26:30,10.893543902891238
2021-03-26 17:36:06,11.97354584961233
2021-03-26 22:50:21,12.635907194433665
2021-03-27 04:08:27,13.948111793348986
2021-03-27 08:36:51,13.23232948344396
2021-03-27 13:42:21,14.078739434918072
2021-03-27 20:01:07,15.538573770134866
2021-03-28 01:38:25,15.292600583172831
2021-03-28 05:55:05,16.38583248154386
2021-03-28 11:02:40,17.538573949284388
2021-03-28 17:09:26,17.168742717785126
2021-03-28 21:52:14,18.178777906974833
2021-03-29 03:39:41,19.324162075230973
2021-03-29 09:47:33,17.053834182032947
2021-03-29 15:02:05,15.15815001430175
2021-03-29 22:16:19,13.085750322589764
2021-03-30 02:53:50,11.386712204514213
2021-03-30 08:49:56,11.389533267101339
2021-03-30 14:02:54,11.563992506659847
2021-03-30 19:52:16,11.876310898789017
2021-03-31 01:48:16,12.409033558621106
2021-03-31 06:46:34,12.953883176639158
2021-03-31 12:58:43,14.136091237790936
2021-03-31 18:03:28,15.005428454869312
2021-03-31 23:43:18,13.690601009287956
2021-04-01 04:13:38,13.843180521605836
2021-04-01 10:19:02,13.695996594000377
2021-04-01 15:58:24,13.485632637849054
2021-04-01 21:30:40,12.290011673811268
2021-04-02 04:27:20,13.214757430476041
2021-04-02 09:16:50,13.398923735723148
2021-04-02 15:05:37,13.553862750408022
2021-04-02 22:21:09,14.3715233402293
2021-04-03 04:13:09,12.631991138995105
2021-04-03 09:20:05,12.360011628012938
2021-04-03 17:54:25,12.2399936575514
2021-04-03 23:30:26,12.14587972365169
2021-04-04 03:11:22,14.09328558548069
2021-04-04 08:36:52,15.613822887380321
2021-04-04 14:27:57,15.744396603189408
2021-04-04 21:46:37,16.023735402108493
2021-04-05 02:15:01,16.505488093225445
2021-04-05 07:55:20,17.39040872436011
2021-04-05 13:55:14,14.73080479089185
2021-04-05 19:10:16,12.618861080616586
2021-04-06 00:36:46,10.732709262990946
2021-04-06 05:55:40,9.649144924344833
2021-04-06 13:23:46,8.386423606472917
2021-04-06 18:53:28,8.46747906082923
2021-04-07 00:28:39,8.727573710980929
2021-04-07 06:17:01,9.070738349336356
2021-04-07 11:34:30,9.430750015015352
2021-04-07 16:39:12,10.096227372880044
2021-04-07 22:01:43,11.048593865342793
2021-04-08 02:21:30,11.185424113889889
2021-04-08 09:41:17,11.709930228045549
2021-04-08 14:22:11,12.033676476495955
2021-04-08 21:50:26,11.976678263951317
2021-04-09 05:08:34,12.090783246816272
2021-04-09 11:41:35,12.075189011747108
2021-04-09 16:32:14,12.165227349093502
2021-04-09 21:53:34,12.375551242183445
2021-04-10 02:08:04,12.096841007496069
2021-04-10 07:26:17,11.757323950702778
2021-04-10 12:45:37,11.652503710711496
2021-04-10 18:41:15,10.97789378076482
2021-04-10 23:49:55,11.801024710114312
2021-04-11 05:56:39,12.020114172652836
2021-04-11 11:22:36,12.80007191818144
2021-04-11 18:14:52,13.855263207947502
2021-04-11 22:56:19,13.599707215826427
2021-04-12 04:42:25,13.848216040202505
2021-04-12 09:59:45,12.710255060276355
2021-04-12 17:06:11,11.26842525547975
2021-04-12 22:13:20,10.908233856672975
2021-04-13 04:02:50,10.213542198571014
2021-04-13 09:28:51,10.538707094895416
2021-04-13 16:03:38,10.684727452379176
2021-04-13 22:34:26,10.078928093954616
2021-04-14 05:47:15,9.8300067435687
2021-04-14 11:18:46,9.914235392822667
2021-04-14 17:43:41,10.137919888279328
2021-04-14 23:35:01,10.069360442156718
2021-04-15 04:15:45,10.249004983461194
2021-04-15 09:57:48,10.134419791562522
2021-04-15 14:38:01,10.99634826314023
2021-04-15 19:34:42,10.3718483637065
2021-04-16 00:11:33,10.21327100334502
2021-04-16 08:28:37,9.822562660216356
2021-04-16 16:17:53,9.104783821785368
2021-04-17 01:31:17,10.34291217599144
2021-04-17 07:35:07,10.05960291663963
2021-04-17 18:32:36,13.561919254590764
2021-04-18 01:35:10,14.042932336110306
2021-04-18 08:29:16,14.222993331887103
2021-04-18 14:41:01,12.083288887780222
2021-04-19 00:39:29,11.970887214669446
2021-04-19 10:30:09,13.670531799008751
2021-04-19 18:22:10,13.090428417866267
2021-04-20 02:19:30,14.352874573467941
2021-04-20 08:59:31,13.48217057157872
2021-04-20 15:55:39,11.80304200470271
2021-04-20 22:08:56,10.234574930098177
2021-04-21 06:30:11,9.001800726451402
2021-04-21 14:53:04,9.342999704329264
2021-04-21 22:09:16,9.311394796737611
2021-04-22 06:00:43,9.226697750786494
2021-04-22 12:19:31,8.975931646082959
2021-04-22 16:55:36,9.178858910953133
2021-04-22 21:40:42,8.540191396436823
2021-04-23 05:04:49,7.500359972194587
2021-04-23 12:11:14,7.843030338757421
2021-04-23 17:18:19,8.301591377751235
2021-04-23 23:03:12,8.600693263949525
2021-04-24 05:27:50,9.884069524058885
2021-04-24 12:04:00,10.464744223596178
2021-04-24 17:51:23,10.156181474953764
2021-04-24 23:14:39,11.594327790980856
2021-04-25 05:23:06,11.669214042979448
2021-04-25 11:04:27,11.23791758209363
2021-04-25 16:10:09,12.084282539761197
2021-04-25 22:15:40,11.747261696450362
2021-04-26 03:34:44,10.607981519040626
2021-04-26 11:17:09,10.551596915715848
2021-04-26 20:43:49,9.270004425177666
2021-04-27 02:27:06,8.811204540154135
2021-04-27 07:17:39,8.826545776814475
2021-04-27 13:34:13,8.965745454416304
2021-04-27 19:27:30,8.470580866264212
2021-04-28 03:34:00,7.739945653849306
2021-04-28 06:55:44,7.595937344610508
2021-04-28 12:44:37,7.729000357051036
2021-04-28 18:11:13,8.267925854564032
2021-04-29 02:02:53,9.599796348707224
2021-04-29 09:14:35,10.730186982985682
2021-04-29 17:53:25,10.409100116169995
2021-04-29 22:59:43,8.70953651337532
2021-04-30 05:12:04,8.521740872934254
2021-04-30 10:52:35,8.079818733902634
2021-04-30 16:17:27,8.183068355611226
2021-04-30 22:51:42,8.533829158789224
2021-05-01 04:38:07,8.729053866340305
2021-05-01 11:41:37,9.230638887128917
2021-05-01 17:58:49,9.805753837618505
2021-05-01 23:27:38,11.303017602127198
2021-05-02 04:23:21,11.715901258671481
2021-05-02 08:57:07,11.794037929069361
2021-05-02 12:57:24,12.552290260221163
2021-05-02 17:55:00,12.957259643576545
2021-05-02 21:33:05,12.182377247229413
2021-05-03 03:27:35,12.838679583371855
2021-05-03 08:30:41,12.570697102389332
2021-05-03 12:31:49,10.245156137758148
2021-05-03 18:48:56,9.517574211202641
2021-05-03 22:43:06,8.62282230514023
2021-05-04 02:07:26,7.9279082306099795
2021-05-04 07:35:41,7.489637045573443
2021-05-04 12:19:32,7.931130514525019
2021-05-04 17:01:49,7.580246282775317
2021-05-04 21:34:15,7.602455888968941
2021-05-05 03:04:11,8.36335512398423
2021-05-05 08:48:19,8.766643467686032
2021-05-05 12:44:28,9.027649417714313
2021-05-05 18:24:28,9.928245905098219
2021-05-05 23:47:28,10.525342974979715
2021-05-06 04:42:14,10.566638304559875
2021-05-06 09:27:22,10.763754097542074
2021-05-06 16:23:34,10.959288542291505
2021-05-06 21:07:51,10.161631462253405
2021-05-07 00:44:28,10.277416892371956
2021-05-07 05:51:17,9.898315905330849
2021-05-07 10:18:25,10.022825052329011
2021-05-07 16:32:10,9.713833845209045
2021-05-07 21:56:22,9.403553709364335
2021-05-08 01:12:12,9.550306630021716
2021-05-08 06:13:26,10.081971648592596
2021-05-08 10:56:26,10.352225467422114
2021-05-08 15:38:34,11.874192973230134
2021-05-08 21:40:46,13.828130682126035
2021-05-09 01:39:24,14.27692348160557
2021-05-09 06:27:07,15.156468062138691
2021-05-09 10:46:36,15.458100319521941
2021-05-09 14:45:43,14.39447622645438
2021-05-09 18:13:59,15.170034270811335
2021-05-10 00:08:10,17.214670295639714
2021-05-10 04:10:09,16.352108172934187
2021-05-10 08:18:48,15.930973048884475
2021-05-10 14:07:17,14.958764945353108
2021-05-10 18:35:51,14.475642709866733
2021-05-10 23:39:17,12.82780852412372
2021-05-11 04:27:30,12.741193440338147
2021-05-11 09:17:53,12.877500346326551
2021-05-11 13:58:00,14.364510350808365
2021-05-11 19:53:09,15.105135323250229
2021-05-12 00:00:45,15.56846618768357
2021-05-12 05:35:37,14.259520836725791
2021-05-12 10:35:03,13.064826123074875
2021-05-12 15:34:27,12.53420339670324
2021-05-12 19:10:29,11.49977950776198
2021-05-13 00:47:56,10.386718991247891
2021-05-13 05:25:02,9.803593327239446
2021-05-13 10:21:54,8.716151249046307
2021-05-13 16:53:52,7.996886942488905
2021-05-13 21:02:17,7.434291525100807
2021-05-14 03:11:49,7.4902548768609245
2021-05-14 09:53:28,7.8082691790756895
2021-05-14 18:00:39,8.274646239332633
2021-05-14 22:48:05,7.8782372787279416
2021-05-15 03:19:17,8.467153533480191
2021-05-15 10:53:22,8.508903629169483
2021-05-15 18:52:41,9.19196682294497
2021-05-16 01:16:09,9.370181263032165
2021-05-16 07:28:27,10.444236882384947
2021-05-16 14:11:43,10.977820007992397
2021-05-16 21:32:58,10.306561881771255
2021-05-17 04:47:26,8.430474217954288
2021-05-17 11:22:39,7.24423919704975
2021-05-17 17:57:22,6.337399286184394
2021-05-17 23:35:46,6.944919345200741
2021-05-18 07:13:37,8.671731540187036
2021-05-18 15:59:43,9.479083766511263
2021-05-19 01:22:16,9.349445880037203
2021-05-19 08:02:21,8.553419772009317
2021-05-19 14:46:35,6.831528797377119
2021-05-19 21:37:28,6.167074058475037
2021-05-20 05:52:14,6.487998552002403
2021-05-20 12:29:51,6.537251570043288
2021-05-20 18:28:06,6.483030084533988
2021-05-21 03:03:41,6.669530791803766
2021-05-21 11:04:08,7.071596288040057
2021-05-21 18:56:44,7.447918063369178
2021-05-22 03:08:00,8.24044342846198
2021-05-22 10:07:53,7.406460618342302
2021-05-22 17:00:18,7.968943187168836
2021-05-22 23:55:14,7.936806090458456
2021-05-23 07:16:37,8.752674566885496
2021-05-23 13:19:48,8.007559556056423
2021-05-23 20:31:43,7.488293267146736
2021-05-24 03:23:55,7.975397633604211
2021-05-24 11:48:08,7.812671453488666
2021-05-24 17:12:40,7.9104099106826
2021-05-24 23:49:56,7.43549632465327
2021-05-25 06:06:29,7.198681694341458
2021-05-25 12:36:01,7.226968151968284
2021-05-25 20:29:10,7.318507394650789
2021-05-26 03:58:59,8.525237693351604
2021-05-26 11:57:39,8.641497511785772
2021-05-26 16:50:06,8.322547361340336
2021-05-26 23:33:09,8.189275596091424
2021-05-27 06:19:59,7.58626011476594
2021-05-27 11:14:46,8.013667479126283
2021-05-27 21:04:35,9.563938122237326
2021-05-28 03:55:18,9.80966612430621
2021-05-28 10:01:13,8.109948296923463
2021-05-28 18:00:45,6.59550075250167
2021-05-29 01:49:23,6.672821513313118
2021-05-29 09:41:12,7.231150246528485
2021-05-29 16:00:58,8.052232941246226
2021-05-29 23:47:21,9.073058542459277
2021-05-30 05:22:42,9.02932526417183
2021-05-30 10:15:50,10.672359899784336
2021-05-30 17:05:04,13.970095935176584
2021-05-30 22:59:42,17.48817725674407
2021-05-31 05:23:21,18.249057567744956
2021-05-31 11:31:45,16.87828429374881
2021-05-31 17:21:34,17.07917821840231
2021-05-31 22:16:58,16.814288266929022
2021-06-01 05:22:51,16.532441874029338
2021-06-01 11:29:10,15.9735425716913
2021-06-01 16:18:48,15.304451637728793
2021-06-01 23:26:54,13.428492774799391
2021-06-02 05:01:03,12.767382716247337
2021-06-02 09:07:41,13.280440157576612
2021-06-02 13:44:45,13.382470016835278
2021-06-02 19:32:48,14.503000790234562
2021-06-03 00:21:25,16.377763094702793
2021-06-03 06:02:33,17.37455308753475
2021-06-03 13:11:08,16.75139661923323
2021-06-03 18:30:32,16.146229128565945
2021-06-03 23:22:55,15.87257184168426
2021-06-04 07:20:16,14.788325466966352
2021-06-04 12:37:47,15.020927330041296
2021-06-04 20:07:03,17.5406473224268
2021-06-05 01:05:47,18.669227339320482
2021-06-05 08:12:39,20.66962229067853
2021-06-05 15:14:07,22.84969578534045
2021-06-05 20:46:19,24.40647774225646
2021-06-06 02:37:37,22.9816847943722
2021-06-06 09:41:01,16.006021797851158
2021-06-06 13:37:13,12.446438884039601
2021-06-06 18:47:53,11.10304270990481
2021-06-07 01:21:27,10.244518095484352
2021-06-07 08:25:55,9.63206744196989
2021-06-07 14:24:13,10.424857919637295
2021-06-07 20:27:47,8.81821925996498
2021-06-08 04:14:22,7.449145114307927
2021-06-08 09:08:01,7.178868166508305
2021-06-08 13:54:29,7.33177112678287
2021-06-08 18:12:37,7.192457067757136
2021-06-09 00:41:44,7.441172777625538
2021-06-09 04:20:30,8.391171052573176
2021-06-09 11:15:46,10.684201517318378
2021-06-09 22:33:05,15.830191150753176
2021-06-10 06:05:53,13.759414776684444
2021-06-10 11:16:39,12.827317603986756
2021-06-10 18:21:55,12.3390256916582
2021-06-11 02:46:44,13.020318148249965
2021-06-11 11:22:08,15.624253815528819
2021-06-11 18:13:12,14.141814532980263
2021-06-12 01:54:53,12.346418250256932
2021-06-12 08:30:49,11.27103793792441
2021-06-12 15:03:50,13.369793450442188
2021-06-12 20:53:48,16.905615457963968
2021-06-13 06:01:25,18.107185057501834
2021-06-13 12:20:41,16.97023250277033
2021-06-13 17:35:03,18.506828263084135
2021-06-13 23:37:37,17.153584026253338
2021-06-14 04:04:25,16.108369284942622
2021-06-14 10:28:03,15.644578002114956
2021-06-14 18:22:09,12.459264795681202
2021-06-15 00:25:48,12.744337335889924
2021-06-15 07:25:15,12.392435533531453
2021-06-15 12:12:57,12.039084719844913
2021-06-15 18:04:10,13.616600093797032
2021-06-16 01:49:16,13.17137672986344
2021-06-16 09:33:42,13.681358298964357
2021-06-16 17:13:03,12.392540757761898
2021-06-16 22:43:35,11.787145074236209
2021-06-17 06:25:54,10.907715804073975
2021-06-17 12:18:55,11.01923151611475
2021-06-17 18:03:17,10.928227410107574
2021-06-18 01:24:43,11.803121329737088
2021-06-18 06:58:06,12.104733244039819
2021-06-18 14:01:04,12.02900018902029
2021-06-18 20:05:46,10.756672904796156
2021-06-19 05:44:18,12.2126600041048
2021-06-19 12:56:23,14.587476402730621
2021-06-19 21:09:46,18.834834387489806
2021-06-20 05:25:03,18.12046979088535
2021-06-20 13:36:34,15.065029440696375
2021-06-20 21:14:10,15.057363930534745
2021-06-21 05:56:28,13.826195865478692
2021-06-21 15:16:31,13.092938830803723
2021-06-21 21:04:35,10.612939638688562
2021-06-22 06:01:24,9.71978915043487
2021-06-22 14:08:53,8.160539575077895
2021-06-23 00:52:44,9.799831859665183
2021-06-23 07:48:17,9.792293718148056
2021-06-23 17:27:36,10.811216589779153
2021-06-24 01:06:15,9.820371814150564
2021-06-24 10:44:46,10.753457130367027
2021-06-24 17:37:22,10.081985440536627
2021-06-25 01:37:23,10.784033684403576
2021-06-25 09:50:45,9.065554845118587
2021-06-25 18:20:33,7.3769749741633674
2021-06-26 00:43:16,7.479302936758339
2021-06-26 10:02:04,7.973479084466999
2021-06-26 20:12:04,10.561598091137068
2021-06-27 07:47:58,12.150825970838635
2021-06-27 20:01:03,13.29836975409519
2021-06-28 10:30:39,14.121230705048626
2021-06-28 19:08:51,13.273790206793697
2021-06-29 01:42:19,12.02520882616351
2021-06-29 11:44:16,11.773720586940026
2021-06-29 21:33:47,12.916137014424743
2021-06-30 07:52:12,14.126334876516834
2021-06-30 15:54:53,14.76193918403336
2021-07-01 01:57:32,15.078781414000991
2021-07-01 13:10:40,14.6240932463115
2021-07-01 21:03:19,12.022793296160277
2021-07-02 03:46:44,10.45152168660005
2021-07-02 12:13:34,9.779520544817442
2021-07-02 23:48:47,10.938681593150644
2021-07-03 07:44:40,11.684908636932253
2021-07-03 14:39:15,12.509749063215416
2021-07-03 20:41:45,14.460962711032305
2021-07-04 03:20:46,14.617067139351704
2021-07-04 08:51:22,13.311801851997755
2021-07-04 16:53:20,12.891713211858958
2021-07-05 00:14:50,11.57821867394911
2021-07-05 06:55:06,11.925652474035719
2021-07-05 13:44:24,11.446358586803596
2021-07-05 19:00:31,12.16193359079464
2021-07-06 02:10:09,13.048709389245367
2021-07-06 09:22:06,14.253018464988875
2021-07-06 14:16:51,15.176187336911841
2021-07-06 19:18:45,14.777751035515813
2021-07-07 02:01:52,14.620596107917027
2021-07-07 08:09:52,15.813331708820126
2021-07-07 15:51:10,14.069339335926673
2021-07-07 22:04:46,14.444586990340271
2021-07-08 04:49:59,12.980128858748493
2021-07-08 10:47:06,12.88489487449181
2021-07-08 17:24:02,7.202182278186948
2021-07-08 22:57:15,5.852845388629418
2021-07-09 05:01:46,5.021955484806604
2021-07-09 11:16:22,4.394380762715956
2021-07-09 19:14:46,5.5185712052815274
2021-07-10 00:26:55,5.645075493806642
2021-07-10 05:23:14,6.4068844881796965
2021-07-10 09:43:08,6.8478853094987135
2021-07-10 15:51:24,8.381886538124565
2021-07-10 20:19:53,8.990482461851146
2021-07-11 04:07:46,9.951986751342547
2021-07-11 11:06:30,10.20518302377447
2021-07-11 16:19:23,9.477225958322968
2021-07-11 23:46:59,10.285516027655113
2021-07-12 05:47:38,10.472808971760555
2021-07-12 13:22:11,10.290254836210998
2021-07-12 20:05:18,12.031140103569722
2021-07-13 03:45:29,10.009568131356358
2021-07-13 08:33:09,10.404342166968293
2021-07-13 15:07:02,11.45336521671581
2021-07-13 21:37:10,11.520146481220872
2021-07-14 03:27:43,13.603751698013761
2021-07-14 09:13:05,11.996569706235475
2021-07-14 13:03:50,11.19332349105795
2021-07-14 17:55:09,11.29656810831454
2021-07-14 22:53:35,12.16916008619007
2021-07-15 06:25:45,14.093760756402867
2021-07-15 11:50:19,13.180372456120496
2021-07-15 17:23:34,11.903289632359536
2021-07-16 00:27:48,9.860598555434345
2021-07-16 06:26:52,9.134411953117795
2021-07-16 11:47:54,8.59099851714445
2021-07-16 17:14:02,9.460937136578927
2021-07-16 23:20:13,10.335644952327401
2021-07-17 04:03:56,9.401311903140707
2021-07-17 09:35:02,9.327566271666923
2021-07-17 13:56:03,10.045500307575011
2021-07-17 22:19:34,10.36544921191187
2021-07-18 03:07:44,11.523077238156585
2021-07-18 09:47:18,12.781613113849902
2021-07-18 14:35:50,13.663721871174179
2021-07-18 20:17:35,14.10009756454067
2021-07-19 03:12:38,15.277514614519163
2021-07-19 08:44:27,14.780384036532308
2021-07-19 13:19:08,13.203378788148003
2021-07-19 18:59:30,11.537306240343346
2021-07-19 23:09:09,10.454420252388951
2021-07-20 04:59:50,8.94080915423052
2021-07-20 11:54:09,8.442632120702852
2021-07-20 17:47:15,8.851385643959578
2021-07-21 01:29:52,9.949628252270154
2021-07-21 06:34:15,11.589462570889387
2021-07-21 12:52:08,12.076669156770507
2021-07-21 17:53:50,10.687848383900135
2021-07-22 00:47:21,10.636500720814738
2021-07-22 05:39:39,10.574902737276764
2021-07-22 11:36:13,9.949540017438606
2021-07-22 16:33:06,10.333960609541567
2021-07-22 23:01:38,10.267935631950627
2021-07-23 05:57:12,10.261042470809356
2021-07-23 13:12:45,9.752212566137578
2021-07-23 17:30:03,10.110896292482222
2021-07-23 23:41:25,10.778011901140689
2021-07-24 04:22:21,10.942600493579988
2021-07-24 09:57:19,11.360090958518363
2021-07-24 15:55:15,11.509497898731214
2021-07-24 22:05:03,12.742097235210622
2021-07-25 03:27:49,12.971478977342983
2021-07-25 08:02:26,13.907677969647562
2021-07-25 14:13:16,13.161048282435452
2021-07-25 20:22:09,12.415706619332813
2021-07-26 00:40:12,12.826161348401625
2021-07-26 05:32:22,12.19072479416872
2021-07-26 11:32:27,10.73725875147588
2021-07-26 16:01:59,9.558543700341003
2021-07-26 22:58:33,8.7880276606935
2021-07-27 04:26:12,4.086010113485676
2021-07-27 09:58:14,3.3139927202865236
2021-07-27 14:23:17,2.9256541676893364
2021-07-27 20:01:27,2.5540013725702075
2021-07-28 00:00:09,2.6600951247534343
2021-07-28 05:10:35,3.608064657878992
2021-07-28 10:32:44,3.922302688478075
2021-07-28 14:56:08,4.312948532213382
2021-07-28 21:25:38,4.486425661822695
2021-07-29 03:43:14,5.103622021536769
2021-07-29 09:46:44,5.736612889258064
2021-07-29 14:23:22,6.184646886465549
2021-07-29 18:49:14,7.252762966914896
2021-07-29 23:52:49,7.07888178771894
2021-07-30 05:07:03,7.240357845903312
2021-07-30 09:49:01,7.448450826144323
2021-07-30 14:59:28,8.325262613094424
2021-07-30 19:37:32,9.205328417055455
2021-07-31 01:47:41,10.997702807973072
2021-07-31 06:48:05,11.543779211840596
2021-07-31 11:51:46,11.468699828338442
2021-07-31 18:13:36,10.939940319380895
2021-07-31 22:57:47,9.359624939066903
2021-08-01 03:21:38,9.120769405978916
2021-08-01 08:46:46,6.903412369051686
2021-08-01 14:50:08,6.706644195428032
2021-08-01 19:49:20,5.898063499447103
2021-08-02 02:58:54,4.989242436847563
2021-08-02 09:47:30,5.6503809063767765
2021-08-02 15:10:03,5.406077496244922
2021-08-02 19:38:14,5.9213820295041275
2021-08-03 00:56:35,7.249946027245378
2021-08-03 05:03:00,8.206388824507487
2021-08-03 11:36:59,8.164114224618837
2021-08-03 16:43:22,7.169593167182952
2021-08-03 21:44:53,7.09538913625432
2021-08-04 02:28:18,7.683480088069096
2021-08-04 09:39:35,7.848093135821006
2021-08-04 17:32:49,8.563193391773162
2021-08-04 22:06:08,7.956970827682806
2021-08-05 04:40:32,8.333794609046318
2021-08-05 09:00:06,8.051312644551752
2021-08-05 14:42:02,8.1702125240226
2021-08-05 19:34:37,10.09159492570758
2021-08-06 00:30:14,10.85899047398113
2021-08-06 05:38:49,10.334656608315075
2021-08-06 11:23:00,10.382088410658493
2021-08-06 15:58:44,10.594587338410475
2021-08-06 21:39:21,9.930018322115831
2021-08-07 03:08:44,9.094111721754404
2021-08-07 08:15:06,9.169132641921351
2021-08-07 14:11:06,8.954437908279406
2021-08-07 18:54:30,9.812076832163953
2021-08-07 22:35:02,9.663823865444977
2021-08-08 04:35:01,11.100237924579947
2021-08-08 10:17:47,10.558781795837321
2021-08-08 15:26:35,10.128059852656614
2021-08-08 19:25:51,10.389980955895878
2021-08-09 01:35:46,10.329372348878476
2021-08-09 07:43:50,9.298651889754074
2021-08-09 12:26:08,10.18987917172164
2021-08-09 17:11:49,10.412634204341861
2021-08-09 23:10:29,9.980452013944166
2021-08-10 04:34:50,9.908230456749719
2021-08-10 10:26:49,9.963619627654284
2021-08-10 14:23:30,9.952973473239926
2021-08-10 19:37:56,9.902558686991258
2021-08-11 01:06:30,10.246904817194515
2021-08-11 06:58:40,9.341118919064685
2021-08-11 11:36:01,9.157907192626181
2021-08-11 16:50:23,8.807312071799991
2021-08-12 00:01:00,8.202175210210354
2021-08-12 06:00:59,8.62979050381565
2021-08-12 12:10:37,9.261528103741716
2021-08-12 17:15:35,9.402574191934475
2021-08-12 23:15:31,9.223012046878676
2021-08-13 04:52:49,10.605175173278628
2021-08-13 09:20:53,10.223139429081414
2021-08-13 16:16:28,10.997279858078471
2021-08-13 22:33:03,11.340735944666504
2021-08-14 03:18:29,10.824011572461698
2021-08-14 09:43:48,10.41852311242679
2021-08-14 12:56:52,9.411881173243422
2021-08-14 17:51:59,9.474238765686138
2021-08-15 00:13:21,10.551608100439722
2021-08-15 04:34:32,11.343309460051888
2021-08-15 09:57:08,10.181038573878542
2021-08-15 14:14:56,9.549996280871499
2021-08-15 18:22:33,10.384589283944779
2021-08-15 23:17:41,10.627076797229904
2021-08-16 03:57:05,11.40022095564713
2021-08-16 08:27:40,11.043508556021782
2021-08-16 15:03:07,11.126042714876522
2021-08-16 20:10:18,8.533102981878642
2021-08-17 01:36:54,7.680763234083295
2021-08-17 06:17:03,7.235436688531584
2021-08-17 10:10:18,7.585339666971849
2021-08-17 15:41:39,7.294522921571396
2021-08-17 20:55:47,7.659147383504426
2021-08-18 01:36:30,7.36430425102505
2021-08-18 07:33:00,7.101742292247834
2021-08-18 14:48:58,6.892265457682098
2021-08-18 21:13:11,6.94257790008551
2021-08-19 03:21:53,6.975890320385081
2021-08-19 09:10:03,7.149690511852626
2021-08-19 14:19:56,7.308289930347213
2021-08-19 18:54:08,7.184918673801553
2021-08-20 00:25:56,7.359620381193747
2021-08-20 04:36:15,7.137986308839099
2021-08-20 10:08:59,7.75595277037505
2021-08-20 15:20:53,7.666535505003855
2021-08-20 21:07:10,7.621392080586933
2021-08-21 03:22:15,8.404336997187606
2021-08-21 07:54:48,8.022866825597205
2021-08-21 11:40:39,8.10985877846168
2021-08-21 15:58:55,8.027301472234
2021-08-21 22:13:40,7.734035154357606
2021-08-22 03:21:39,7.8212316643270885
2021-08-22 08:28:17,8.00916453934689
2021-08-22 12:30:55,7.648732951068913
2021-08-22 18:34:20,9.595837191365883
2021-08-22 23:57:55,10.458360625177027
2021-08-23 05:26:21,10.968591841926694
2021-08-23 10:08:48,9.393905365116224
2021-08-23 14:21:28,8.074679556555099
2021-08-23 18:18:46,6.520531165152115
2021-08-23 21:31:43,6.006085532473899
2021-08-24 02:38:27,3.484637461267466
2021-08-24 07:16:05,2.871905113812237
2021-08-24 13:21:20,2.530326196484979
2021-08-24 18:10:32,2.331114702132925
2021-08-25 00:05:22,2.227304068002024
2021-08-25 05:26:30,3.3620082083752307
2021-08-25 10:38:06,3.6157820034666113
2021-08-25 16:28:21,4.474342129894095
2021-08-25 20:59:03,4.148157430861891
2021-08-26 03:02:30,4.5191622091913555
2021-08-26 07:56:50,4.267452532532627
2021-08-26 15:23:40,4.07008013874199
2021-08-26 20:54:24,4.290479902650005
2021-08-27 02:03:41,3.8886611292045044
2021-08-27 06:32:52,4.060489121716391
2021-08-27 12:40:07,4.2522334009316305
2021-08-27 19:52:14,4.526616257934143
2021-08-28 01:23:36,5.080351771374479
2021-08-28 05:23:04,5.009175579531659
2021-08-28 10:57:27,5.121167729057921
2021-08-28 18:18:10,5.2844493807232045
2021-08-29 00:47:54,5.239234640983605
2021-08-29 04:39:08,5.048255711544062
2021-08-29 09:30:40,5.06503615603872
2021-08-29 16:55:17,4.993830153169615
2021-08-29 21:47:28,5.020024573273836
2021-08-30 03:56:38,5.167603618521955